Epoch,Loss,set5,set11,set14
1,0.037803801968693734,0,17.918912248225123,0
2,0.014644969496876001,0,19.667957699969442,0
3,0.01214729979634285,0,16.259144297334363,0
4,0.010614048196002842,0,21.24981418405662,0
5,0.008914614710956812,0,21.84572863355676,0
6,0.008151128143072128,0,22.41473741541357,0
7,0.007585788890719414,0,18.159009528879622,0
8,0.009157204208895564,0,22.891674615256317,0
9,0.006703560408204794,0,23.53558218196854,0
10,0.006120243105106056,0,23.92534131209321,0
11,0.005801759422756732,0,24.232207146276313,0
12,0.0053930788999423385,0,24.43728698283734,0
13,0.005390618951059878,0,24.455116478265257,0
14,0.005159441595897079,0,24.851758714960894,0
15,0.0049316980363801124,0,25.046475281729407,0
16,0.005089974114671349,0,25.325603818857193,0
17,0.0046167517313733695,0,25.63274553641935,0
18,0.00706021131016314,0,24.271963257982964,0
19,0.004876888901926577,0,25.64590263744012,0
20,0.004438305078074336,0,25.86519458632746,0
21,0.004346023863181472,0,26.070333441368987,0
22,0.0041608144389465454,0,26.113168076062575,0
23,0.004214232373051345,0,26.27314159384724,0
24,0.00407495625782758,0,26.208995929132076,0
25,0.004186932942830026,0,26.286454600925367,0
26,0.004120664792135358,0,26.552192523578864,0
27,0.004054986336268484,0,26.465688482967604,0
28,0.0039139649644494056,0,26.60076322240678,0
29,0.003985930653288961,0,26.84265630683296,0
30,0.003781254943460226,0,26.901519939118263,0
31,0.003938878960907459,0,26.968394868510213,0
32,0.003804359105415642,0,26.602111822181545,0
33,0.003971803397871554,0,26.944824021535588,0
34,0.0036865708138793707,0,27.1058973049463,0
35,0.003686864557676017,0,27.146853243013243,0
36,0.0037489635683596134,0,26.009602524725903,0
37,0.003758728145621717,0,26.02230566964039,0
38,0.0035572594683617354,0,26.92404615217796,0
39,0.0035478954669088125,0,27.02518335923995,0
40,0.0037575648771598935,0,27.143194458738698,0
41,0.0037169737415388227,0,27.190734593070566,0
42,0.0034781786520034076,0,27.51062997263182,0
43,0.0035142000764608384,0,27.44141845045809,0
44,0.0035461166454479097,0,27.498230414905876,0
45,0.003658815138041973,0,26.472418929120135,0
46,0.0035292436415329574,0,27.504627349768747,0
47,0.003351573729887605,0,27.451984518029168,0
48,0.003319943253882229,0,27.60351234863642,0
49,0.003461099108681083,0,27.59534906035462,0
50,0.003280838769860566,0,27.603601831419947,0
51,0.0033972490252926948,0,27.463295026297093,0
52,0.003530977163463831,0,27.233675380540863,0
53,0.003474184339866042,0,27.536654814603764,0
54,0.00331028800457716,0,27.70822856363311,0
55,0.0034464299818500878,0,23.97010325602175,0
56,0.004324519345536828,0,27.37500958038628,0
57,0.0033664047392085194,0,27.73114224916545,0
58,0.003375002914108336,0,27.81240512469151,0
59,0.003272728170268238,0,27.692191443981873,0
60,0.003434620681218803,0,27.77634681662805,0
61,0.0034011759702116252,0,27.803977435874568,0
62,0.0032047151890583336,0,27.880502790497232,0
63,0.0032504234788939355,0,27.59293478961737,0
64,0.0033359943609684705,0,27.806133257675455,0
65,0.0033186710393056274,0,27.828556883210705,0
66,0.003352256794460118,0,27.785081550626554,0
67,0.003359911572188139,0,27.750729027390467,0
68,0.0033073451556265353,0,27.83714844043269,0
69,0.003223005183972418,0,27.900942236764596,0
70,0.0034897876251488926,0,27.541208807580244,0
71,0.0032488392060622574,0,27.964035501000364,0
72,0.003362018936313689,0,27.900637976594478,0
73,0.0033119541755877433,0,27.691900391338073,0
74,0.00348038986325264,0,27.447380826074063,0
75,0.0032736430037766696,0,27.963107145239963,0
76,0.003343156133778393,0,27.846577172103185,0
77,0.0031645828718319534,0,27.27104907154471,0
78,0.003276080600917339,0,27.943943550355723,0
79,0.0032845314196310936,0,27.83771072137367,0
80,0.003366730543784797,0,27.887760867143893,0
81,0.003276571547612548,0,27.735522003155396,0
82,0.0032771883253008127,0,27.899469367516705,0
83,0.0031942633958533407,0,27.829765209800836,0
84,0.003620315198786557,0,27.66177051237743,0
85,0.0031984370993450285,0,28.106485362577008,0
86,0.0032644604705274107,0,27.94613005267281,0
87,0.003241852216888219,0,27.929554717296945,0
88,0.0031746146082878113,0,27.98400369025121,0
89,0.0032400459190830588,0,27.83703529636168,0
90,0.0033856069203466177,0,27.751967565319376,0
91,0.003124457551166415,0,28.028702417514364,0
92,0.0032485416112467648,0,28.106404411249756,0
93,0.00314702860545367,0,27.516095130117435,0
94,0.003322812090627849,0,27.608290309575832,0
95,0.0031728376913815735,0,28.000078108289788,0
96,0.003180425127502531,0,27.981537522165162,0
97,0.0033041363349184394,0,28.06045199487427,0
98,0.0032870884845033286,0,27.89304616921572,0
99,0.00320487292483449,0,28.000165674766034,0
100,0.0031903159990906717,0,27.887160804349072,0
101,0.0031687908479943873,0,28.0454228155216,0
102,0.0031747730332426726,0,28.038400566504027,0
103,0.003141523008234799,0,27.730532248243268,0
104,0.0031600758992135526,0,28.015458975046183,0
105,0.0031667627347633245,0,27.860294509404184,0
106,0.0032247629575431346,0,27.897949317841586,0
107,0.0031972972815856337,0,27.97410771325774,0
108,0.0031534063490107657,0,28.059256013084532,0
109,0.0032502571772783993,0,28.10475370750735,0
110,0.0032743859360925853,0,27.844760998822643,0
111,0.0031624753726646306,0,28.120609393455073,0
112,0.0032117336173541843,0,28.05893767540945,0
113,0.0032770791184157134,0,27.899992720637428,0
114,0.0032865719310939314,0,27.90710440550046,0
115,0.003158182785846293,0,27.814792692137598,0
116,0.0032352797966450453,0,27.978653775850294,0
117,0.00312890785979107,0,28.013545287269064,0
118,0.0031013441155664625,0,28.120537142616275,0
119,0.003192400934640318,0,27.920480136193714,0
120,0.0032436611549928785,0,28.01728685590207,0
121,0.003329576072283089,0,27.90897409860833,0
122,0.0032121130893938243,0,28.01382239126542,0
123,0.003143516373820603,0,27.84808319897567,0
124,0.003197399752680212,0,28.017412158152446,0
125,0.00313546008663252,0,28.182744638828378,0
126,0.0030718064540997147,0,28.036182236832893,0
127,0.0031473350711166857,0,27.880077681233047,0
128,0.003284808376338333,0,28.084808399687805,0
129,0.0030512001132592557,0,28.114412661124184,0
130,0.0031817648047581313,0,28.081907810629403,0
131,0.00314589369809255,0,28.19295072229451,0
132,0.003175351805984974,0,28.07861113455036,0
133,0.003063157321885228,0,28.062005638447648,0
134,0.00320801273919642,0,26.69110850036652,0
135,0.0032367821037769316,0,28.201481315567353,0
136,0.003121720573399216,0,28.12951498868248,0
137,0.0032822583382949235,0,28.093368051932462,0
138,0.003144706026650965,0,28.188075632874927,0
139,0.0030333979218266902,0,28.03441476337073,0
140,0.003242237374652177,0,27.873406422814256,0
141,0.003229393716901541,0,28.19078190497593,0
142,0.003084143903106451,0,28.052295656358876,0
143,0.003163013542070985,0,27.980931228205876,0
144,0.0032582861185073853,0,28.15960264417604,0
145,0.0031486806692555547,0,28.26137866159754,0
146,0.0031663464102894066,0,28.284237678981764,0
147,0.0030732322321273386,0,28.22275581625545,0
148,0.0031393612222746013,0,28.161750172278325,0
149,0.003166277778800577,0,27.936262893075433,0
150,0.0031883921986445786,0,27.97031805275361,0
151,0.003209224035963416,0,27.985986676008622,0
152,0.0030729257641360164,0,28.262290517680455,0
153,0.0031182622350752354,0,28.19191450460755,0
154,0.003001012778840959,0,28.305245383603566,0
155,0.0031407377403229477,0,28.223889070840496,0
156,0.0030157455033622683,0,28.330451396793627,0
157,0.003118766525294632,0,28.19925882017028,0
158,0.00312496324069798,0,28.294282682437128,0
159,0.0030689722835086286,0,28.1513602623048,0
160,0.003182759042829275,0,27.908108846503584,0
161,0.00311663833912462,0,26.362633866421653,0
162,0.003326160553842783,0,27.92462456048279,0
163,0.0030945268413051963,0,28.149870098776226,0
164,0.00300050625577569,0,28.241831787161107,0
165,0.0030831608455628157,0,28.232208429682466,0
166,0.0031044937018305063,0,28.308911264772664,0
167,0.0030565179837867616,0,28.289934074975953,0
168,0.003138859337195754,0,28.207761823629998,0
169,0.003045974555425346,0,28.32336458422774,0
170,0.0031722430000081657,0,28.240839369882494,0
171,0.003181362529285252,0,28.265510990857,0
172,0.00313426511362195,0,28.19519816769149,0
173,0.00310258221346885,0,28.221876399414477,0
174,0.0030799810402095317,0,28.336453109166825,0
175,0.0030849402397871016,0,28.21905249208677,0
176,0.002987681650556624,0,28.09913431177396,0
177,0.003096146951429546,0,28.269508482437377,0
178,0.003709433968178928,0,27.782355202971438,0
179,0.003007629760541022,0,28.37539050755677,0
180,0.003051861913409084,0,28.241158394916205,0
181,0.0030786010622978212,0,28.273451782470385,0
182,0.003057920017745346,0,28.076041847515764,0
183,0.003071465422399342,0,28.31992099361105,0
184,0.0031276113796047866,0,28.148640395643692,0
185,0.003085409188643098,0,28.27938903897318,0
186,0.003043533256277442,0,28.490172517798793,0
187,0.0030742469942197205,0,28.056464738576505,0
188,0.003087844769470394,0,28.15162773336216,0
189,0.0031155875604599714,0,28.28091845785723,0
190,0.0030262354388833046,0,28.296502273148224,0
191,0.003221970838494599,0,27.91931259148679,0
192,0.003141969512216747,0,28.431985599120477,0
193,0.0031349135423079134,0,28.3362432167793,0
194,0.003016268324572593,0,28.36878383180756,0
195,0.003040550472214818,0,28.31526267430081,0
196,0.0031209490820765496,0,28.35946533653096,0
197,0.0030667541618458927,0,28.482993038107885,0
198,0.0031198034295812247,0,28.115527911251878,0
199,0.002979765580967069,0,28.52689007082084,0
200,0.0029535870486870406,0,28.374737589307095,0
201,0.0029256246448494494,0,28.730851677447355,0
202,0.002953019414562732,0,28.672478394199935,0
203,0.002971566757187247,0,28.730956352733617,0
204,0.0028892730362713335,0,28.644663885939266,0
205,0.002874338668771088,0,28.68804744104789,0
206,0.0029281348781660197,0,28.730335113746357,0
207,0.0030079413857311012,0,28.7182601020014,0
208,0.0029176629753783346,0,28.776667188485,0
209,0.002806783337146044,0,28.77632830671416,0
210,0.002955963616259396,0,28.664545754800816,0
211,0.0029588442062959074,0,28.72315839102606,0
212,0.003004020187072456,0,28.592164442919742,0
213,0.0029195600049570203,0,28.698000409400734,0
214,0.002877599666826427,0,28.805537909598286,0
215,0.0028781142504885793,0,28.715354860069883,0
216,0.0029492403496988117,0,28.58774945213295,0
217,0.0029325008764863013,0,28.764532542220078,0
218,0.00300034852232784,0,28.675066990235212,0
219,0.002866881445515901,0,28.7550590031871,0
220,0.002969843507744372,0,28.77920508367215,0
221,0.002986305947415531,0,28.751485926412077,0
222,0.0029852659231983125,0,28.648904302250777,0
223,0.0029278504848480225,0,28.679321394838166,0
224,0.0029349516332149504,0,28.650914669313828,0
225,0.002925024931319058,0,28.682550348381014,0
226,0.002935122838243842,0,28.65894680515805,0
227,0.0028858662047423424,0,28.780646663173016,0
228,0.0029112688195891676,0,28.75790847638657,0
229,0.0028357622330076994,0,28.614523147200977,0
230,0.002879315686877817,0,28.761114306653084,0
231,0.0029757528193295,0,28.64676513114539,0
232,0.003027400812134147,0,28.52785696123401,0
233,0.002888004258275032,0,28.761712390616466,0
234,0.0029317281465046107,0,28.639296845294734,0
235,0.0028406830388121307,0,28.735465015657123,0
236,0.00287569678388536,0,28.538903976063477,0
237,0.0028974297549575565,0,28.674041688726653,0
238,0.0027979354234412314,0,28.82685385387225,0
239,0.002953371477779001,0,28.59978376000257,0
240,0.0029322878690436482,0,28.777550886722853,0
241,0.0028505748230963947,0,28.856098703218922,0
242,0.0029320361139252783,0,28.591204542873133,0
243,0.002909129559993744,0,28.716400516158636,0
244,0.0028154976875521243,0,28.768484320041022,0
245,0.00282378513365984,0,28.831220076551357,0
246,0.0028915397822856905,0,28.643530752328093,0
247,0.0029579127486795186,0,28.785951824278687,0
248,0.0028530732705257834,0,28.775983188681938,0
249,0.0027888296637684105,0,28.738149475623,0
250,0.0028088943078182636,0,28.64666650511794,0
251,0.002856787862256169,0,28.592694679228817,0
252,0.0029780058283358814,0,28.748144155517878,0
253,0.0028566204477101565,0,28.69235820078259,0
254,0.0029398372489959,0,28.64820860285713,0
255,0.0029264385998249054,0,28.791456468561897,0
256,0.002882300578057766,0,28.848801405224478,0
257,0.002889511266257614,0,28.792314366217408,0
258,0.002881333529949188,0,28.70832969478909,0
259,0.002781138210557401,0,28.744113282556977,0
260,0.002837293455377221,0,28.819761528825868,0
261,0.002870497026015073,0,28.75491715015995,0
262,0.002877082370687276,0,28.632430931380483,0
263,0.002870092156808823,0,28.836499092052613,0
264,0.002932689634617418,0,28.772704354703045,0
265,0.0028859437094070016,0,28.747569434606145,0
266,0.002883895377162844,0,28.803358303016253,0
267,0.0028007185668684543,0,28.69731175421656,0
268,0.002857319680042565,0,28.66979134061984,0
269,0.0029062609933316707,0,28.645375045995504,0
270,0.0029236482991836965,0,28.82667440011314,0
271,0.002917436638381332,0,28.875262259355818,0
272,0.002875070075970143,0,28.638440513697063,0
273,0.0028221662482246757,0,28.718916995556604,0
274,0.002902398337610066,0,28.56081442197751,0
275,0.0028275044402107596,0,28.832601891743447,0
276,0.0029100915556773545,0,28.744914747088703,0
277,0.0027811710722744467,0,28.86367600941953,0
278,0.002911470397375524,0,28.812070241880267,0
279,0.0028736115922220053,0,28.723785087508,0
280,0.002896872800774872,0,28.794259478169167,0
281,0.0029131620517000557,0,28.69810990723672,0
282,0.002869685743935406,0,28.70416028846888,0
283,0.0028670271160081027,0,28.816287488796284,0
284,0.0027937152283266185,0,28.801008104382653,0
285,0.002804811270907521,0,28.53485476331349,0
286,0.002857612033840269,0,28.773663992687407,0
287,0.002922150711528957,0,28.662563252349887,0
288,0.0030888230493292214,0,28.596096013884335,0
289,0.0028552530193701386,0,28.75532740633894,0
290,0.0028259970410726963,0,28.76607421344328,0
291,0.0028221797035075723,0,28.77335598186063,0
292,0.002931559206917882,0,28.646503077709614,0
293,0.0029422445385716856,0,28.844098674565462,0
294,0.002805446258280426,0,28.715714583992074,0
295,0.0028776335646398367,0,28.786391778140377,0
296,0.0028472578595392407,0,28.66365017676851,0
297,0.00300200957339257,0,28.746536429888923,0
298,0.0028720306931063534,0,28.790618051928394,0
299,0.002886000741273165,0,28.91922089335311,0
300,0.0028253993741236627,0,28.68742616205515,0
301,0.0028001426300033926,0,28.856285515449553,0
302,0.002893530505243689,0,28.823982674595417,0
303,0.002916611253749579,0,28.78761074234775,0
304,0.0029276141431182623,0,28.755504561420295,0
305,0.002940573107916862,0,28.84712007332598,0
306,0.002838844330981374,0,28.4323598758029,0
307,0.002848313581198454,0,28.833412551280784,0
308,0.0027988527808338404,0,28.934062609824124,0
309,0.0028779401397332548,0,28.71954086967786,0
310,0.002847404205240309,0,28.912744992065697,0
311,0.0029074928653426467,0,28.604021825105235,0
312,0.00284596478799358,0,28.867199426387263,0
313,0.0028787815291434525,0,28.86696696007961,0
314,0.0028409118857234718,0,28.78856357074903,0
315,0.0028554478543810547,0,28.777752611116146,0
316,0.002824805893469602,0,28.896868518027965,0
317,0.0028471553791314364,0,28.698087909065883,0
318,0.0028599233832210303,0,28.65720480457531,0
319,0.0028462211089208722,0,28.62275613942045,0
320,0.0028785502118989824,0,28.847231551940933,0
321,0.002867987814825028,0,28.964940125049438,0
322,0.0027900175331160427,0,28.90390572811399,0
323,0.0028634506301023067,0,28.717176410271847,0
324,0.002867866368032992,0,28.739857640251163,0
325,0.0028421543259173634,0,28.757991149424274,0
326,0.002847533377353102,0,28.749284542456248,0
327,0.002752005422953516,0,28.671230640055605,0
328,0.0028334332467056813,0,28.730514001161904,0
329,0.002954062770586461,0,28.859662180237866,0
330,0.0028777617146261035,0,28.782226829969833,0
331,0.0028839508863165975,0,28.672016651542393,0
332,0.0029145124554634094,0,28.821401617002802,0
333,0.0029075284069404006,0,28.80402962431625,0
334,0.0028526708413846792,0,28.844389694549033,0
335,0.0028679930069483816,0,28.675356930981597,0
336,0.0028348767012357713,0,28.845664891804052,0
337,0.002786523795221001,0,28.470649102722465,0
338,0.002956814595963806,0,28.81149080727828,0
339,0.0028530780551955103,0,28.856713074391294,0
340,0.0028850419307127595,0,28.86119006861496,0
341,0.002796507440507412,0,28.857074228812863,0
342,0.002977008866146207,0,28.811947737315283,0
343,0.0028949464787729083,0,28.807708338883312,0
344,0.002855301173403859,0,28.877500585572623,0
345,0.0029503276362083854,0,28.706449710579065,0
346,0.0028483387432061136,0,28.45538829511369,0
347,0.0028331966581754387,0,28.816790805531586,0
348,0.002881600896362215,0,28.779212605690272,0
349,0.002838361447211355,0,28.730403687372903,0
350,0.0028736089821904897,0,28.750005954980566,0
351,0.0028179036965593697,0,28.929807375321115,0
352,0.0028256838768720626,0,28.88864132495957,0
353,0.002847041138447821,0,28.79723184670439,0
354,0.002881975886411965,0,28.797468110241024,0
355,0.0028306126687675714,0,28.677472411927067,0
356,0.0029222147027030587,0,28.883979256015245,0
357,0.0028205090202391148,0,28.87759780162562,0
358,0.0028062006761319937,0,28.901148734566494,0
359,0.0028522635460831226,0,28.85176667294429,0
360,0.0027706341654993596,0,28.756032689147982,0
361,0.0029586949944496155,0,28.853517854638508,0
362,0.002860881898086518,0,28.923254009906977,0
363,0.002764908489771187,0,28.69745465766634,0
364,0.002783099920488894,0,28.843606077479457,0
365,0.00290858649648726,0,28.85434049182652,0
366,0.0028096025646664204,0,28.72153281746745,0
367,0.0029844884434714913,0,28.594233782721975,0
368,0.0027624994330108167,0,28.743234495250146,0
369,0.0028704450791701675,0,28.86768336413414,0
370,0.002847177803050727,0,28.577323740816233,0
371,0.002904286824632436,0,28.890154307054953,0
372,0.0028524409234523774,0,28.50686439402045,0
373,0.0027668910613283513,0,28.87978061090133,0
374,0.0028523559379391374,0,28.92778674890363,0
375,0.0027413495210930703,0,28.768437985561714,0
376,0.0027801698143593966,0,28.765902584580214,0
377,0.0027293620188720523,0,28.81731304416925,0
378,0.0028466360736638307,0,28.877398002267512,0
379,0.0028873575944453477,0,28.951274021290093,0
380,0.0028471826342865826,0,28.868213685151815,0
381,0.0028167949616909028,0,28.857785563943672,0
382,0.002886450916994363,0,28.84695364599951,0
383,0.0028317471500486136,0,28.84928967722218,0
384,0.0028039969224482775,0,28.840306731597135,0
385,0.00285950368270278,0,28.83550924671864,0
386,0.0028561801626347007,0,28.944637322661183,0
387,0.002792259892448783,0,28.8966120292113,0
388,0.002903797479812056,0,28.852910461808143,0
389,0.002790540761779994,0,28.89031141230206,0
390,0.002827141045127064,0,28.82335546326069,0
391,0.002742451992817223,0,28.944241290467232,0
392,0.002884048386476934,0,28.91698459651684,0
393,0.00283807574538514,0,28.896145301444577,0
394,0.002826361013576388,0,28.71326420820477,0
395,0.0028647309890948236,0,28.651786318564724,0
396,0.0028515510889701545,0,28.901376763468306,0
397,0.002883994057774544,0,28.887775045482215,0
398,0.0028561310260556637,0,28.87236581633806,0
399,0.0028541549132205545,0,28.816672710205218,0
400,0.002955402946099639,0,28.797680319354072,0
401,0.0028288545459508895,0,29.045421336059146,0
402,0.0027671856922097506,0,29.09109264530182,0
403,0.002810657119844109,0,29.14355428541803,0
404,0.00281962268287316,0,29.07799685238173,0
405,0.0027373110363259913,0,29.103223771844288,0
406,0.0028584481426514683,0,29.158753564824625,0
407,0.0027704579918645324,0,29.159676667069427,0
408,0.0027570365881547333,0,29.138286067297226,0
409,0.002796823866665363,0,29.192005460471467,0
410,0.0027893889136612416,0,29.118581141561457,0
411,0.0028810549294576047,0,29.165351205153755,0
412,0.002711622072383761,0,29.061598911486172,0
413,0.0028603195142932235,0,29.096050755224045,0
414,0.002797440805006772,0,29.07463458737898,0
415,0.0027815109328366817,0,29.00069238963234,0
416,0.0027083949954248964,0,29.206089734172608,0
417,0.0028095956426113845,0,29.08586157211103,0
418,0.0028012466290965677,0,29.088844623082306,0
419,0.002795673473738134,0,29.078184511940947,0
420,0.0027762315445579587,0,29.077482010014247,0
421,0.002814896684139967,0,28.97924263120577,0
422,0.0027930035279132427,0,29.081570324251253,0
423,0.0027455517067573963,0,29.016450857750918,0
424,0.002760397999081761,0,29.096586135955633,0
425,0.0027325531048700215,0,29.131497085886796,0
426,0.00285925074480474,0,29.119983663210075,0
427,0.002747828874271363,0,29.143118134623766,0
428,0.0028027257788926364,0,29.123292944688423,0
429,0.002658243775367737,0,29.14108670613433,0
430,0.002630395065061748,0,29.162528463465765,0
431,0.0027593473973684013,0,29.08977776038209,0
432,0.002709809348452836,0,29.053345681082828,0
433,0.002855607969686389,0,29.05445531336277,0
434,0.0028279579943045973,0,29.147877594970893,0
435,0.0028145774733275173,0,29.175323985406376,0
436,0.0028631062572821975,0,29.138827138298108,0
437,0.002725753099657595,0,29.145626140485025,0
438,0.00281822572927922,0,29.07721621977529,0
439,0.002801085500977933,0,29.04336313836998,0
440,0.0027939647808670996,0,29.142797252776703,0
441,0.002747672067489475,0,29.16175783865949,0
442,0.0027158319507725537,0,29.165747333679278,0
443,0.002847635627258569,0,29.157381948110825,0
444,0.002767732092179358,0,29.116161397167197,0
445,0.0027235287078656257,0,29.099659999181764,0
446,0.0026566997379995883,0,29.084323478806052,0
447,0.002782438222784549,0,29.159203933948426,0
448,0.0027666439185850323,0,29.099314907810697,0
449,0.0026690861699171366,0,29.0225484684547,0
450,0.002763959392905235,0,29.055279068386543,0
451,0.002844650922343135,0,29.05797045675017,0
452,0.0027193298214115203,0,29.202594649394108,0
453,0.0027654914651066066,0,29.13851232437796,0
454,0.002862845363561064,0,29.16968038232034,0
455,0.002831914916168898,0,29.18668057549373,0
456,0.0027505102986469863,0,29.13179789169052,0
457,0.0027869733422994612,0,29.142070232137634,0
458,0.0027107675559818745,0,29.13050375979429,0
459,0.002723549525253475,0,29.180594199392143,0
460,0.0027250772411935033,0,29.095697682196757,0
461,0.0027293140860274435,0,29.145260070853418,0
462,0.0027694355673156677,0,29.110144769098085,0
463,0.0028151856316253544,0,29.045288660510383,0
464,0.002714779144152999,0,29.070328270215352,0
465,0.002841219147667289,0,29.11847708489793,0
466,0.0027363114594481886,0,29.076114431897597,0
467,0.002692534571979195,0,29.221341372903705,0
468,0.002694494533352554,0,29.196516287183545,0
469,0.002824437948875129,0,29.03228167943664,0
470,0.0027967049344442786,0,29.159982144718413,0
471,0.002763017031829804,0,29.11851291910591,0
472,0.002772512333467603,0,29.15610812717321,0
473,0.0027705454896204173,0,29.122116909386282,0
474,0.0026970431138761343,0,29.076342765763368,0
475,0.002795733513776213,0,29.146939475832166,0
476,0.0027414421155117453,0,29.086712953132224,0
477,0.002732861274853349,0,29.1581737281885,0
478,0.002789171386975795,0,29.118295530741918,0
479,0.0027715278649702666,0,28.988614621365706,0
480,0.0027879366371780633,0,29.123171618296883,0
481,0.002797447992488742,0,29.068463143471977,0
482,0.0027384252147749067,0,29.16617863896264,0
483,0.002705415498930961,0,29.150520734595272,0
484,0.002755694759543985,0,29.179942880101702,0
485,0.0027727409242652356,0,29.090242783365,0
486,0.0027106354152783754,0,29.17746505176041,0
487,0.002796297948807478,0,29.153946537869377,0
488,0.0027846487308852376,0,29.14709091342413,0
489,0.0027582859876565634,0,29.16647241299959,0
490,0.002797434714157134,0,29.14589882527673,0
491,0.0027052090782672166,0,29.19869358513953,0
492,0.0027675141557119785,0,29.190395200742845,0
493,0.0027164152753539382,0,29.20191779223122,0
494,0.002684588802512735,0,29.0607237684838,0
495,0.002733269757591188,0,29.100298767855055,0
496,0.0027629966684617102,0,29.099351050068766,0
497,0.002686645567882806,0,29.06207037354277,0
498,0.0027264800993725656,0,29.075390232305608,0
499,0.002684582588262856,0,29.160813894050204,0
500,0.002680519341956824,0,29.17145194873589,0
501,0.0026962052704766395,0,29.17354445245028,0
502,0.0026654758886434137,0,29.053760170940233,0
503,0.002703186196740717,0,29.042943779270708,0
504,0.0027410102379508317,0,29.034123602109045,0
505,0.0027591623482294382,0,29.11897513189388,0
506,0.0027420796710066497,0,29.085028077432163,0
507,0.002673240292351693,0,29.24414848745931,0
508,0.0027633354067802427,0,29.147644387939224,0
509,0.0027639030595310032,0,29.17047077360363,0
510,0.0027656208467669785,0,28.99565637606082,0
511,0.002770003385376185,0,29.129288837836103,0
512,0.0027718179230578244,0,29.019939663566763,0
513,0.002775856284424663,0,29.049980974282107,0
514,0.002798209581524134,0,29.16156478087598,0
515,0.002772362248506397,0,29.123453122800505,0
516,0.002726182285696268,0,29.2069932495982,0
517,0.0027688829181715846,0,29.1794069031905,0
518,0.002807173554319888,0,29.174692584809257,0
519,0.002774878800846636,0,29.24918553081485,0
520,0.002650627710390836,0,29.20464351780182,0
521,0.002813186035491526,0,29.06097320746553,0
522,0.0027538721496239305,0,29.15557940125037,0
523,0.0026636369642801584,0,29.194131505143773,0
524,0.002748926067724824,0,29.134104975992933,0
525,0.0028033961239270866,0,29.145503630275424,0
526,0.002773136883042753,0,29.073960335049,0
527,0.002780535924248397,0,29.23626506862844,0
528,0.0027462329994887113,0,29.068596171572995,0
529,0.0026893950439989566,0,29.10481993068903,0
530,0.0027638273453339936,0,29.09698446891873,0
531,0.002682680953294039,0,29.093852064503675,0
532,0.0026393890264444055,0,29.131449810740357,0
533,0.002779938119929284,0,29.24225155717244,0
534,0.0027216349449008703,0,29.10956909977576,0
535,0.002785130231641233,0,29.066570512076964,0
536,0.0027939044591039418,0,29.122955404492686,0
537,0.002792596900835633,0,29.072722110394395,0
538,0.002840843994636089,0,29.251947598267304,0
539,0.0027659471798688173,0,29.237048394260878,0
540,0.0027944731013849378,0,29.17258944926697,0
541,0.002773325212765485,0,29.225186638994625,0
542,0.002707303094211966,0,29.183348791643365,0
543,0.0027936773165129127,0,29.114232810244662,0
544,0.0027361184870824218,0,29.16480994309577,0
545,0.0028297120449133216,0,29.15154060008465,0
546,0.0027783578308299183,0,29.178479529556228,0
547,0.0027678218041546645,0,29.164236909526725,0
548,0.0027600026526488366,0,29.155014065616403,0
549,0.0028058302984572945,0,29.197736507774547,0
550,0.002780757825821638,0,29.200952827388893,0
551,0.002827200696337968,0,29.185239254126166,0
552,0.002752898442558944,0,29.284228399313612,0
553,0.0027338332869112493,0,29.14776838631324,0
554,0.002762743222992867,0,29.132742421045055,0
555,0.0027731157978996635,0,29.174669129129537,0
556,0.0026584151247516273,0,29.156786179101253,0
557,0.002767841562163085,0,29.029858138969892,0
558,0.0027709451923146845,0,29.159529824197303,0
559,0.0026712335972115396,0,29.226032056238424,0
560,0.0028075779997743665,0,29.187674569463294,0
561,0.002722575662191957,0,29.14256019446044,0
562,0.002751054149121046,0,29.118993583772884,0
563,0.00273443539859727,0,29.154464006309297,0
564,0.0027327200141735375,0,29.10157169842091,0
565,0.002767888039816171,0,29.203476751942215,0
566,0.0026479501347057522,0,29.25077588321579,0
567,0.0026878871489316226,0,29.18472120931285,0
568,0.00272901100339368,0,29.202294541309335,0
569,0.002788211335428059,0,29.11568613967916,0
570,0.0028230969537980854,0,29.25065291843329,0
571,0.0026475211535580455,0,29.08717443828933,0
572,0.0027038877201266587,0,29.20259564362635,0
573,0.002630923590622842,0,29.170202768757452,0
574,0.0027072180062532427,0,29.140172843863464,0
575,0.002678826053161174,0,29.178919888282284,0
576,0.0028775499830953778,0,29.179648794010063,0
577,0.002726658086758107,0,29.17872762272412,0
578,0.002806725602131337,0,29.239837777758385,0
579,0.0026576630771160126,0,29.161536781519768,0
580,0.0028268626937642694,0,29.173610949253682,0
581,0.0028159835073165596,0,29.18974804424474,0
582,0.0027370413020253183,0,29.230351458655097,0
583,0.002756157226394862,0,29.177684075290006,0
584,0.0027327860984951258,0,29.20264038808439,0
585,0.002635344178415835,0,29.11630980754195,0
586,0.0028120998037047683,0,29.220557409187503,0
587,0.0027284508780576287,0,29.182604528324262,0
588,0.0026072848588228224,0,29.228380635736336,0
589,0.0027652439335361123,0,29.20138462991881,0
590,0.0026728482474572958,0,29.171598790476207,0
591,0.0028054370312020184,0,29.101907377943267,0
592,0.00275109285954386,0,29.107450827232697,0
593,0.002681083648931235,0,29.20612708536612,0
594,0.0028068703203462065,0,29.06792894442721,0
595,0.0027849204814992846,0,29.215599905966396,0
596,0.0027347029373049735,0,29.183822168564678,0
597,0.002787507241591811,0,29.20328739213629,0
598,0.0026807865942828357,0,29.16555372053309,0
599,0.002770184767432511,0,29.212757531272697,0
600,0.002766645543742925,0,29.196656954016433,0
601,0.00278780895518139,0,29.254658932743006,0
602,0.002728980539832264,0,29.299020051160763,0
603,0.0026552993594668806,0,29.34780731928938,0
604,0.002829741302412003,0,29.32153233901909,0
605,0.00267203456023708,0,29.27312607801391,0
606,0.0026487298053689302,0,29.296418681471593,0
607,0.0026492944383062424,0,29.24846258450261,0
608,0.0027635977207683027,0,29.306586538099648,0
609,0.002624742011539638,0,29.342568853805798,0
610,0.0025629563326947393,0,29.347487187249513,0
611,0.0026718246866948903,0,29.288633051527338,0
612,0.002704819848295301,0,29.29407519388942,0
613,0.002611090303398669,0,29.30321731899771,0
614,0.0027224897989071906,0,29.312379922047615,0
615,0.0027439217874780297,0,29.305709497245413,0
616,0.002768639922142029,0,29.330783670225593,0
617,0.002726772641763091,0,29.305629349751054,0
618,0.002679316815920174,0,29.300335859397055,0
619,0.00279775551520288,0,29.298704509623292,0
620,0.002717004814185202,0,29.315296229441614,0
621,0.0028064966155216097,0,29.25649766398595,0
622,0.0026951406127773223,0,29.297632202074098,0
623,0.0026275604171678425,0,29.315989646684386,0
624,0.0027508481335826217,0,29.29146023201156,0
625,0.0027103067399002613,0,29.407037409053768,0
626,0.002649512004572898,0,29.28136901802964,0
627,0.0027272503171116113,0,29.25501343096348,0
628,0.0026436601928435267,0,29.321403313388533,0
629,0.0026961841061711313,0,29.328425378121437,0
630,0.0027213533036410807,0,29.32619849075387,0
631,0.00266312193358317,0,29.303386564783043,0
632,0.0026700429199263452,0,29.327776554118383,0
633,0.002573823696002364,0,29.35455702179428,0
634,0.0027173804049380125,0,29.340649643010714,0
635,0.00268030769424513,0,29.267082150728402,0
636,0.0026901067118160426,0,29.25936766421172,0
637,0.0026153913396410643,0,29.235148522319196,0
638,0.0027237129909917714,0,29.28605331906617,0
639,0.00273142829304561,0,29.292730527176968,0
640,0.002765216047409922,0,29.254063277824812,0
641,0.002683692506980151,0,29.31101606935742,0
642,0.002665139464661479,0,29.381736145240236,0
643,0.002689596249256283,0,29.330405395139397,0
644,0.002723454153165221,0,29.270296337029468,0
645,0.0027645339793525635,0,29.282489964802696,0
646,0.0026361044053919615,0,29.273623262293654,0
647,0.0026862238231115045,0,29.244352081314876,0
648,0.002648087569978088,0,29.38743327495547,0
649,0.0027149247960187497,0,29.312865528995847,0
650,0.0026816538255661727,0,29.326869677280854,0
651,0.0027151843602769075,0,29.364650157554742,0
652,0.0027126522315666078,0,29.30252576378168,0
653,0.0027419499261304736,0,29.35270138901518,0
654,0.002659873052034527,0,29.28719061855458,0
655,0.002723205846268684,0,29.34153911461244,0
656,0.002657499616034329,0,29.322230965291684,0
657,0.0027538905758410694,0,29.312746127938325,0
658,0.0026115946052595973,0,29.30185924459352,0
659,0.002714736943598837,0,29.29858851673564,0
660,0.00260568713536486,0,29.32645995873337,0
661,0.002666069916449487,0,29.378823416270347,0
662,0.0026044811867177485,0,29.3133880886727,0
663,0.0027805730677209796,0,29.36088142735517,0
664,0.002663666328880936,0,29.23099953736689,0
665,0.002746127739083022,0,29.42531835010544,0
666,0.0026862409827299416,0,29.340684983635096,0
667,0.00260690248105675,0,29.40219296304161,0
668,0.0026539184362627567,0,29.144749088492304,0
669,0.0027317583514377473,0,29.323934018430574,0
670,0.0026253721630200744,0,29.320084409158515,0
671,0.002638107668608427,0,29.362396408671472,0
672,0.00276042707497254,0,29.2696372782015,0
673,0.0026994776050560175,0,29.276080562209586,0
674,0.002691283819731325,0,29.383093066392323,0
675,0.00275794900720939,0,29.340427995680056,0
676,0.002779931982513517,0,29.309138874841164,0
677,0.0026844665315002205,0,29.36621738410653,0
678,0.002734534735791385,0,29.29888977956115,0
679,0.002707407840061933,0,29.273457570428448,0
680,0.0025847209501080213,0,29.30672351156056,0
681,0.0025855874479748307,0,29.33389009296294,0
682,0.002710567151661962,0,29.285182257172277,0
683,0.002622411944903433,0,29.275379463828617,0
684,0.002678015080746263,0,29.312522593105196,0
685,0.002707810360006988,0,29.328342777809045,0
686,0.002669995971955359,0,29.375489614435175,0
687,0.002709465427324176,0,29.353969340871796,0
688,0.002731758295558393,0,29.360571122577017,0
689,0.0026918550604023038,0,29.349959269349185,0
690,0.002721508238464594,0,29.36740702552587,0
691,0.0026587377535179256,0,29.397846726366524,0
692,0.0026934309024363758,0,29.261144323806544,0
693,0.002742717110086232,0,29.280922484789418,0
694,0.002637508159969002,0,29.361129998258487,0
695,0.00269552435958758,0,29.288359422720497,0
696,0.00266481407918036,0,29.360417111734968,0
697,0.0026163106225430967,0,29.30346252545015,0
698,0.002639857823960483,0,29.355348539290613,0
699,0.002667838102206588,0,29.31250022493374,0
700,0.0025721319089643657,0,29.36105197425753,0
701,0.002672281505074352,0,29.352046035347367,0
702,0.0027224048995412886,0,29.3159706292198,0
703,0.0026905302377417686,0,29.354644721509,0
704,0.0026993853249587117,0,29.307443079063034,0
705,0.0026592869008891283,0,29.342940846734198,0
706,0.002702944006305188,0,29.302350106682855,0
707,0.0026747196190990506,0,29.311808777599655,0
708,0.002684480978641659,0,29.28423994125591,0
709,0.0026261019567027687,0,29.300866409348295,0
710,0.0025935809849761426,0,29.336886162753807,0
711,0.0026820567366667093,0,29.33007803851141,0
712,0.0026652962644584475,0,29.26963290872635,0
713,0.002698591307271272,0,29.242403826901864,0
714,0.002584899184294045,0,29.388367327640022,0
715,0.002711506474297494,0,29.35602184890931,0
716,0.002715455952566117,0,29.318367391345475,0
717,0.0026959070563316347,0,29.35688456115578,0
718,0.002764188989531249,0,29.395670460064597,0
719,0.002662419583648443,0,29.36823055871574,0
720,0.002672290375921875,0,29.373513812308683,0
721,0.0026691659190692008,0,29.35048511290835,0
722,0.002743011412676424,0,29.416762623942475,0
723,0.0026907513360492886,0,29.39149716445793,0
724,0.0025995172397233544,0,29.345448958941862,0
725,0.002630429498385638,0,29.303188725451307,0
726,0.002674492495134473,0,29.336697549097938,0
727,0.0026933054672554136,0,29.42087138321452,0
728,0.0026652709138579667,0,29.371435638415882,0
729,0.0027281977073289453,0,29.358953750562307,0
730,0.0027180316159501673,0,29.329076536743113,0
731,0.0025976612558588387,0,29.40087818739172,0
732,0.0027535777422599494,0,29.40266192620252,0
733,0.0026451914524659513,0,29.353887119328817,0
734,0.0026192129869014023,0,29.373446004517294,0
735,0.002704547676257789,0,29.37668298268384,0
736,0.002629704817663878,0,29.392883842692765,0
737,0.0026578433346003292,0,29.369048734214154,0
738,0.0027448964677751066,0,29.353227922715337,0
739,0.002744495621882379,0,29.2272614989728,0
740,0.0026243556686677038,0,29.383947295420896,0
741,0.002597194460686296,0,29.366558291515027,0
742,0.0026131788035854697,0,29.3889263178054,0
743,0.0026505801547318697,0,29.368558043219124,0
744,0.0026022463594563305,0,29.406412113140092,0
745,0.002647404409945011,0,29.413814516170774,0
746,0.0026893442682921886,0,29.34774254268604,0
747,0.0025990800210274755,0,29.33499265802591,0
748,0.002676820419728756,0,29.390664141742494,0
749,0.002608366592321545,0,29.316988317486945,0
750,0.0026820987462997437,0,29.392836048747903,0
751,0.002636304432526231,0,29.37913585349691,0
752,0.0026962366187945007,0,29.334600281807216,0
753,0.00265118787297979,0,29.32676515848688,0
754,0.0025919396337121727,0,29.407017315215718,0
755,0.002660497622564435,0,29.321243542396903,0
756,0.0025942684640176596,0,29.324347240143364,0
757,0.0027268179086968303,0,29.336698502285437,0
758,0.0026744465669617055,0,29.34194540193304,0
759,0.0026755888178013267,0,29.32659454546678,0
760,0.002588814813643694,0,29.291534789469505,0
761,0.0027434336883015932,0,29.300327809645136,0
762,0.0027366927545517685,0,29.294108339989297,0
763,0.0025280892592854797,0,29.423771813554875,0
764,0.0027047454891726374,0,29.391156422320037,0
765,0.0026809365302324297,0,29.351626154051647,0
766,0.0026344919926486908,0,29.31009237369547,0
767,0.002675427910871804,0,29.426594334275705,0
768,0.0026314818393439053,0,29.4205815240236,0
769,0.002648450550623238,0,29.364930314485914,0
770,0.0026565383607521655,0,29.413367405878237,0
771,0.002701800409704447,0,29.350352801637072,0
772,0.0026180287450551986,0,29.293625816432712,0
773,0.0027373530087061227,0,29.278319016532155,0
774,0.0026322166435420514,0,29.338895613670385,0
775,0.0025849509984254837,0,29.437643138046905,0
776,0.0026863874634727837,0,29.36423198492762,0
777,0.0027144564455375076,0,29.356778303260352,0
778,0.0026272431784309445,0,29.36786159357915,0
779,0.0026909687416628004,0,29.377414443906478,0
780,0.002683648981619626,0,29.334918551942938,0
781,0.002727821171283722,0,29.348897289259607,0
782,0.0027211974537931383,0,29.35027126882029,0
783,0.0026989492401480676,0,29.374021283468664,0
784,0.002663421481847763,0,29.337930291513985,0
785,0.00264868009602651,0,29.3945859926506,0
786,0.002613472070079297,0,29.361692047924745,0
787,0.002605524004902691,0,29.345318941749614,0
788,0.002684502876363695,0,29.374990126316746,0
789,0.002665377256926149,0,29.376870645371643,0
790,0.002682743074838072,0,29.333484410758423,0
791,0.0027067533554509283,0,29.32005714981756,0
792,0.002621761318296194,0,29.36381542992808,0
793,0.0026135532860644163,0,29.419806509256922,0
794,0.0027276162640191615,0,29.416221171618723,0
795,0.0027024439186789095,0,29.328812495266412,0
796,0.002716735496651381,0,29.34281240442056,0
797,0.0027545964694581926,0,29.31677204779754,0
798,0.0026862910366617144,0,29.352418945946475,0
799,0.0026842508069239556,0,29.397466561050166,0
800,0.0026989088905975222,0,29.390664466549477,0
801,0.002718953893054277,0,29.387692814197997,0
802,0.00272401746828109,0,29.447777901078357,0
803,0.0026051794993691146,0,29.40143049085448,0
804,0.0026614219578914343,0,29.442332974306215,0
805,0.0026399130607023835,0,29.44399169903551,0
806,0.0026471006777137518,0,29.430360714037253,0
807,0.002625090715009719,0,29.48863011519813,0
808,0.002660852326080203,0,29.449712245473066,0
809,0.002658998544793576,0,29.428385919775238,0
810,0.002622937425039709,0,29.432071175543346,0
811,0.0026513979397714137,0,29.403928510959577,0
812,0.002693461994640529,0,29.44455792414385,0
813,0.0026487895497120917,0,29.40110863543591,0
814,0.00266748076537624,0,29.44386721776125,0
815,0.002567067937925458,0,29.45591379697197,0
816,0.0027382569201290607,0,29.43135504943831,0
817,0.0026892801886424424,0,29.408788792422868,0
818,0.0027658156491816043,0,29.45390015668156,0
819,0.002547783553600311,0,29.45521277260109,0
820,0.0025798956234939397,0,29.442431137385608,0
821,0.002627846028190106,0,29.476515198505993,0
822,0.002718759477138519,0,29.44830463919502,0
823,0.0026886622956953945,0,29.432325823994983,0
824,0.0026105297124013305,0,29.440304133693136,0
825,0.0026655303756706415,0,29.452902754024276,0
826,0.002654434950090945,0,29.390050425223375,0
827,0.0027229187288321556,0,29.476465313653172,0
828,0.0027217843709513544,0,29.473218576054595,0
829,0.0026453258190304043,0,29.5023755436814,0
830,0.0026705322717316448,0,29.4208508865472,0
831,0.002668429350014776,0,29.4740988497388,0
832,0.0026736098411493004,0,29.488713654317277,0
833,0.0026766698504798116,0,29.454725488897655,0
834,0.0026189163932576775,0,29.43971208261845,0
835,0.0025842555705457926,0,29.468928423168986,0
836,0.002630920426454395,0,29.474556277563888,0
837,0.0025838942010886967,0,29.4521376440475,0
838,0.0027167490031570194,0,29.440175856010626,0
839,0.002605719594284892,0,29.448332862482854,0
840,0.0025939961662515996,0,29.41619118103569,0
841,0.0027033737767487766,0,29.454542711834105,0
842,0.002575720709282905,0,29.449482640615326,0
843,0.002651061937212944,0,29.416768705972764,0
844,0.002694620881229639,0,29.42753722181336,0
845,0.002734603746794164,0,29.449367326806478,0
846,0.0026709528523497284,0,29.48672163281369,0
847,0.0025366079295054077,0,29.49157317974151,0
848,0.0026280113216489553,0,29.49181765576232,0
849,0.002689281420316547,0,29.462660247931673,0
850,0.0027001426299102602,0,29.479018465903017,0
851,0.0026713055674917998,0,29.446262208771817,0
852,0.002623873753473163,0,29.45236406253698,0
853,0.00258793470216915,0,29.46931628343033,0
854,0.002649679414462298,0,29.42390368820296,0
855,0.002604208681732416,0,29.49625782957197,0
856,0.0026867175754159687,0,29.48379320167966,0
857,0.002651819728780538,0,29.442969486699564,0
858,0.0026471887808293105,0,29.480721718510893,0
859,0.0027005335013382138,0,29.436007320238993,0
860,0.002664511825423688,0,29.469799912918983,0
861,0.002643221439793706,0,29.410374248312873,0
862,0.0026736180088482797,0,29.45067306638874,0
863,0.0026508215605281294,0,29.454435925480823,0
864,0.0025907100550830366,0,29.460299381998194,0
865,0.002623676601797342,0,29.494160130097065,0
866,0.002678011190146208,0,29.425342923461752,0
867,0.0026785056735388934,0,29.43650334663923,0
868,0.002693634966854006,0,29.459806631466734,0
869,0.002596976987551898,0,29.445862859914293,0
870,0.002688332262914628,0,29.451391385078395,0
871,0.002664944240823388,0,29.439947451125633,0
872,0.0027121816808357833,0,29.468752701111978,0
873,0.002588294423185289,0,29.471438016202605,0
874,0.0026911970647051932,0,29.436228784476103,0
875,0.002677907417528331,0,29.471489163828338,0
876,0.0026288032601587473,0,29.46771274764561,0
877,0.002586829208303243,0,29.441101987709512,0
878,0.0025682814209721985,0,29.468411461640077,0
879,0.002673878720961511,0,29.417009766774594,0
880,0.0025845444248989223,0,29.371273781510965,0
881,0.002638776262756437,0,29.41132608218655,0
882,0.002675242628902197,0,29.45879749843783,0
883,0.002748939679004252,0,29.453911020022097,0
884,0.002679283795878291,0,29.45675928408913,0
885,0.0025212300312705336,0,29.453808896413772,0
886,0.002710360533092171,0,29.44680666235456,0
887,0.0026422045193612576,0,29.453973335315876,0
888,0.0025157994823530316,0,29.409474769495365,0
889,0.0025670881336554885,0,29.46576407544364,0
890,0.0025943966885097324,0,29.460704076508254,0
891,0.0026485544233582916,0,29.469707890931673,0
892,0.0026381815155036748,0,29.389736086004994,0
893,0.0026896912744268776,0,29.459052349827708,0
894,0.0026147741451859473,0,29.45550187190339,0
895,0.002695793597958982,0,29.425594111496913,0
896,0.002679621549323201,0,29.429951761199376,0
897,0.0026261082012206316,0,29.420167706683834,0
898,0.0026800185139290987,0,29.445075069585847,0
899,0.0026905022212304177,0,29.485946956730587,0
900,0.0026431689341552557,0,29.438341481688028,0
901,0.0026851559104397894,0,29.4312553624585,0
902,0.002626575999893248,0,29.45345600717966,0
903,0.002695638732984662,0,29.466713387680546,0
904,0.0026099481107667087,0,29.456769382259758,0
905,0.0027282870351336896,0,29.407616376578627,0
906,0.0026778259966522455,0,29.454558243054386,0
907,0.0027154056704603137,0,29.486327360399493,0
908,0.0026873107836581766,0,29.47011194223944,0
909,0.002676856121979654,0,29.470207335243654,0
910,0.0025679949996992944,0,29.51598587509103,0
911,0.0027320104255340993,0,29.455338114027292,0
912,0.002694211096968502,0,29.464855664096742,0
913,0.002606591240037233,0,29.422837443719096,0
914,0.0026363741559907792,0,29.48027960058753,0
915,0.00265491196885705,0,29.457543657235497,0
916,0.0026264601107686756,0,29.4828450591605,0
917,0.0027266738866455853,0,29.445953922540458,0
918,0.0025753081333823504,0,29.519470273632365,0
919,0.0026350112282671036,0,29.467039216839677,0
920,0.002665377969387919,0,29.482855917695534,0
921,0.002673029399011284,0,29.39728105423836,0
922,0.0026734447316266595,0,29.465981174899444,0
923,0.0026170269516296685,0,29.45284319695918,0
924,0.002711158227175474,0,29.47441287804039,0
925,0.0026245677401311694,0,29.491525723300505,0
926,0.002617404160555452,0,29.440445486446034,0
927,0.0026236936333589255,0,29.43692057312436,0
928,0.002621602250728756,0,29.495145481116822,0
929,0.002681197696365416,0,29.452296329263426,0
930,0.0026342278509400787,0,29.469735452731605,0
931,0.0026288206153549255,0,29.414724734329834,0
932,0.0026492624403908847,0,29.49041239919576,0
933,0.002607244681566954,0,29.48097335554138,0
934,0.0025871957396157086,0,29.428471829573972,0
935,0.0026984712528064845,0,29.460006167965027,0
936,0.002608022834174335,0,29.312694478274796,0
937,0.0026833343831822276,0,29.459349406824312,0
938,0.0025885529210790993,0,29.484052305414366,0
939,0.0026054302882403137,0,29.409946136269138,0
940,0.002653422600124031,0,29.46117877903599,0
941,0.0026631859224289654,0,29.399430303147835,0
942,0.002673581256531179,0,29.495339879098257,0
943,0.002730959071777761,0,29.429922503914987,0
944,0.002691638791002333,0,29.45062275126459,0
945,0.0026505226898007094,0,29.42761564461932,0
946,0.002619788108859211,0,29.37238974243338,0
947,0.0026036073011346163,0,29.471095455412634,0
948,0.0026947161299176515,0,29.463782628328364,0
949,0.002645207706373185,0,29.47237887900626,0
950,0.0026255216496065257,0,29.456219312615474,0
951,0.0026084389630705116,0,29.483964697921138,0
952,0.002673270832747221,0,29.46027954283072,0
953,0.0025568033591844143,0,29.456602051091725,0
954,0.0025705052679404618,0,29.466147730469185,0
955,0.002627683309838176,0,29.475767528648486,0
956,0.002700291352812201,0,29.487339682880588,0
957,0.002692805747501552,0,29.495207506329635,0
958,0.002603465437423438,0,29.488736742922583,0
959,0.0026747962809167804,0,29.52612164378542,0
960,0.00263991016196087,0,29.472167822231437,0
961,0.002701207895297557,0,29.50800617553083,0
962,0.0026006390736438333,0,29.488741440013825,0
963,0.0026454758504405617,0,29.47966898159175,0
964,0.0026640593190677465,0,29.525290650120667,0
965,0.002597517396789044,0,29.487380740409,0
966,0.0026588446903042496,0,29.518527093079705,0
967,0.002625979783479124,0,29.47967429301133,0
968,0.0027807069406844674,0,29.523833550360333,0
969,0.002615089330356568,0,29.507522371543576,0
970,0.002618225256446749,0,29.441419991011355,0
971,0.002682751405518502,0,29.496031335732706,0
972,0.00267235315637663,0,29.464901156899728,0
973,0.0025793488044291734,0,29.505698469922855,0
974,0.0025974614126607776,0,29.407247951259954,0
975,0.0026633026846684515,0,29.486810492290942,0
976,0.0025922128511592746,0,29.49565314526283,0
977,0.0026913257269188763,0,29.52715152657427,0
978,0.002706753646489233,0,29.480433137713074,0
979,0.0027228323137387634,0,29.426287102000018,0
980,0.0027715884265489877,0,29.501808396491025,0
981,0.002643594443798065,0,29.45940882620321,0
982,0.0026177068357355893,0,29.50083579102861,0
983,0.00256648073438555,0,29.497682746603036,0
984,0.002662100503221154,0,29.475292727341188,0
985,0.0026708531891927122,0,29.461722829404035,0
986,0.002543443727772683,0,29.450380442451145,0
987,0.0026447813026607035,0,29.440237861659547,0
988,0.002571264454163611,0,29.451373807837015,0
989,0.0026466689142398536,0,29.42432434362537,0
990,0.0026686008693650367,0,29.483489686530632,0
991,0.0026133980811573563,0,29.491337427665858,0
992,0.002621591275092214,0,29.44797305537151,0
993,0.002688886390533298,0,29.53327006738856,0
994,0.0025812300806865095,0,29.450337407300875,0
995,0.0026899629132822156,0,29.42908292603209,0
996,0.0026765604387037458,0,29.474038894283378,0
997,0.002595486140344292,0,29.473995254054447,0
998,0.0026420532097108664,0,29.447938422323144,0
999,0.002586605940014124,0,29.425577490111763,0
1000,0.00276636280817911,0,29.496936697934242,0
1001,0.0026251458073966207,0,29.46809141074689,0
1002,0.0026246513170190156,0,29.49769148344592,0
1003,0.002595824943855405,0,29.510568878074743,0
1004,0.0027137713180854918,0,29.51294680935372,0
1005,0.002602880415506661,0,29.518641564984588,0
1006,0.002673130491748452,0,29.450041033003227,0
1007,0.002667364375665784,0,29.498016873843014,0
1008,0.0025929892272688448,0,29.493355737605672,0
1009,0.002721012628171593,0,29.49899554027369,0
1010,0.0026088998443447053,0,29.455458508876276,0
1011,0.0026474125147797167,0,29.51634417098434,0
1012,0.0025273157726041972,0,29.515558974104128,0
1013,0.0025949111697264014,0,29.504511798635654,0
1014,0.0026120757893659174,0,29.474861563421292,0
1015,0.00267126000020653,0,29.48612143514787,0
1016,0.0026355408667586744,0,29.483573404953837,0
1017,0.0025670438003726303,0,29.52210537949551,0
1018,0.002709050157573074,0,29.477302398249197,0
1019,0.002612916259095073,0,29.508556265755193,0
1020,0.0027138329576700928,0,29.537174913609046,0
1021,0.002555477295536548,0,29.515501463805716,0
1022,0.0026266100257635117,0,29.51782901591632,0
1023,0.0025922266487032174,0,29.495676673001967,0
1024,0.002628954891115427,0,29.47464954135822,0
1025,0.002594671305269003,0,29.52904284575229,0
1026,0.0026232420303858818,0,29.505539744635072,0
1027,0.0026386047736741605,0,29.493118350009215,0
1028,0.002594998236745596,0,29.505759393276602,0
1029,0.0026501355553045867,0,29.51366095573826,0
1030,0.002669064886868,0,29.532327545914992,0
1031,0.002545272537972778,0,29.52299147127096,0
1032,0.0025559751852415502,0,29.507095825845468,0
1033,0.0025940462993457912,0,29.53446184548845,0
1034,0.0026490379171445967,0,29.531164845002795,0
1035,0.0026030871691182255,0,29.53043492007183,0
1036,0.002608192937914282,0,29.5147283197222,0
1037,0.0026471173367463054,0,29.4968601049323,0
1038,0.0026394903264008464,0,29.52506876086062,0
1039,0.0026747977384366096,0,29.51344325647941,0
1040,0.00267937041586265,0,29.529736979223923,0
1041,0.00264926852658391,0,29.529944454966607,0
1042,0.002621309934183955,0,29.523020150950114,0
1043,0.002657841476611793,0,29.49703972133492,0
1044,0.0025729402084834875,0,29.517965805385074,0
1045,0.0025453413114883004,0,29.547256123162764,0
1046,0.0026664167549461126,0,29.509714140841403,0
1047,0.002619747775606811,0,29.524309062336172,0
1048,0.002665635752491653,0,29.50626844740073,0
1049,0.0026243704347871243,0,29.51656521239494,0
1050,0.0026781554659828545,0,29.50327961142359,0
1051,0.0026191996154375373,0,29.55067449289718,0
1052,0.0026956575899384915,0,29.53057909251522,0
1053,0.0026916070026345553,0,29.49743351747792,0
1054,0.0025899278838187457,0,29.4966500468849,0
1055,0.0026298329117707907,0,29.503561028604302,0
1056,0.002580676591023803,0,29.551213160289933,0
1057,0.0025563527597114444,0,29.499543746470923,0
1058,0.0025749060534872113,0,29.480535209821426,0
1059,0.002612738497555256,0,29.519574269082124,0
1060,0.0026151063083671034,0,29.505531696943795,0
1061,0.002676153110805899,0,29.538417975042922,0
1062,0.0026717936457134783,0,29.5361089589651,0
1063,0.0025933933979831636,0,29.530689967115016,0
1064,0.002647413650993258,0,29.51341668735762,0
1065,0.0027094915718771516,0,29.527658069243042,0
1066,0.0026596984220668674,0,29.52201491208033,0
1067,0.0025737293087877335,0,29.515019594129832,0
1068,0.0027340449928306043,0,29.527831058528236,0
1069,0.0026785829523578285,0,29.557398795377125,0
1070,0.002523074820637703,0,29.55165173934039,0
1071,0.0026671268115751445,0,29.537200352469792,0
1072,0.002661291842814535,0,29.561281294602153,0
1073,0.0026173243089579047,0,29.531404895745332,0
1074,0.002659573450218886,0,29.531843496214186,0
1075,0.0026371138356626033,0,29.505039820338848,0
1076,0.0026502732513472437,0,29.53575266211908,0
1077,0.0025204163277521728,0,29.522625759339448,0
1078,0.002583225890994072,0,29.531886714226825,0
1079,0.0027240769169293343,0,29.543867160212674,0
1080,0.0026088908198289573,0,29.51267330610235,0
1081,0.0026653911895118654,0,29.508890999379727,0
1082,0.0026251083239912988,0,29.546232263267708,0
1083,0.0025996520719490947,0,29.525561275658973,0
1084,0.0026791172870434823,0,29.530047039868204,0
1085,0.002653094152919948,0,29.549384337846845,0
1086,0.0026729661296121775,0,29.522599421558496,0
1087,0.00265971883200109,0,29.526242210934523,0
1088,0.0026402094680815936,0,29.511315295538342,0
1089,0.0026241331407800316,0,29.533969450168613,0
1090,0.002585923755541444,0,29.509277483346196,0
1091,0.0026418990921229122,0,29.529307484377966,0
1092,0.0026644597947597503,0,29.491312305649455,0
1093,0.002647262392565608,0,29.521190221353468,0
1094,0.002632937568705529,0,29.501026130157026,0
1095,0.002664600359275937,0,29.49697150438412,0
1096,0.002652180914301425,0,29.520428201270757,0
1097,0.00255743597401306,0,29.51940711162092,0
1098,0.0026218064478598533,0,29.562968955617805,0
1099,0.0026256577693857253,0,29.520451831569176,0
1100,0.002559082955121994,0,29.54117927747733,0
1101,0.002572931330651045,0,29.533994880375534,0
1102,0.002630395479500294,0,29.516058834941166,0
1103,0.0025337831140495835,0,29.541153333811998,0
1104,0.002652247434016317,0,29.55632807829767,0
1105,0.0025925495475530623,0,29.52379370407868,0
1106,0.0026547598955221473,0,29.546353660850187,0
1107,0.0026759377354756,0,29.54302742771819,0
1108,0.0025546199618838726,0,29.54853521460315,0
1109,0.0027056273515336216,0,29.502900261662933,0
1110,0.002601201857905835,0,29.533119910958934,0
1111,0.0025946481083519756,0,29.523622591673952,0
1112,0.002617060977499932,0,29.48511308444071,0
1113,0.00257308644708246,0,29.482777680473657,0
1114,0.002626811855006963,0,29.543753207693825,0
1115,0.002585565592162311,0,29.53952208623017,0
1116,0.002639764528721571,0,29.56485387982757,0
1117,0.0026027092919684944,0,29.526457053169853,0
1118,0.0026104869460687042,0,29.5385666135531,0
1119,0.0026406375272199512,0,29.544695832304456,0
1120,0.002579102034214884,0,29.518721629235305,0
1121,0.002611078640911728,0,29.52790108149487,0
1122,0.0026624763244763017,0,29.503007643854172,0
1123,0.002477968770544976,0,29.537905182070883,0
1124,0.002633993763010949,0,29.507424985204363,0
1125,0.0026265712012536824,0,29.540568332377635,0
1126,0.0026093616569414736,0,29.528225786534858,0
1127,0.0026244920399039985,0,29.49960272487469,0
1128,0.0025936942640691994,0,29.567150849716654,0
1129,0.0025850593438372016,0,29.487292160522063,0
1130,0.00265817228006199,0,29.54008865495132,0
1131,0.002648501906078309,0,29.535988275893033,0
1132,0.0026329362904652953,0,29.504207558259555,0
1133,0.002708759268280119,0,29.542523600340225,0
1134,0.0026615389715880155,0,29.54408561306459,0
1135,0.002610178415197879,0,29.525371501117185,0
1136,0.002607410841155797,0,29.53217667298263,0
1137,0.002714416377712041,0,29.52136979753051,0
1138,0.002678199768997729,0,29.514695621782128,0
1139,0.002512056415434927,0,29.52538000325632,0
1140,0.0026392956846393646,0,29.562587581982413,0
1141,0.0025853512855246665,0,29.51873870996643,0
1142,0.002572032487951219,0,29.49200380565321,0
1143,0.002609487548470497,0,29.549958530695417,0
1144,0.0026578838424757122,0,29.535735191430522,0
1145,0.0026483903266489505,0,29.518923006717046,0
1146,0.0025897186156362295,0,29.545081561260087,0
1147,0.002641794262453914,0,29.48984698240083,0
1148,0.0025484016491100193,0,29.53335975478782,0
1149,0.002637361530214548,0,29.48501056621433,0
1150,0.002611251980997622,0,29.505528228991754,0
1151,0.0025424420996569097,0,29.481691900166997,0
1152,0.002578684939071536,0,29.49745073575137,0
1153,0.0026497293869033457,0,29.49189247765522,0
1154,0.0026036740909330548,0,29.542108814808067,0
1155,0.0025726618804037572,0,29.524916165275695,0
1156,0.0026084071141667664,0,29.503589018413823,0
1157,0.002643634108826518,0,29.507122255968888,0
1158,0.0026287131127901374,0,29.53526137932856,0
1159,0.002629235985223204,0,29.543098068945724,0
1160,0.0026552150305360557,0,29.49964255295384,0
1161,0.002564013230148703,0,29.47178991829752,0
1162,0.002655400075018406,0,29.517767853921576,0
1163,0.0025668602506630123,0,29.46394135383162,0
1164,0.0026019008620642124,0,29.54123495285493,0
1165,0.00258261974202469,0,29.538588233937652,0
1166,0.0026941747521050273,0,29.531718077877944,0
1167,0.0026206236379221082,0,29.50571730463744,0
1168,0.0026255651167593898,0,29.55339832939039,0
1169,0.0026716821594163775,0,29.5623702168226,0
1170,0.0026309027103707193,0,29.57469622801166,0
1171,0.00264769826317206,0,29.508724186986637,0
1172,0.0026364251505583526,0,29.510885771330223,0
1173,0.002656402331776917,0,29.551859126424436,0
1174,0.002613412637729198,0,29.549879601541047,0
1175,0.0026509326952509583,0,29.547402610519338,0
1176,0.0025281049381010233,0,29.5150460890982,0
1177,0.002579870675690472,0,29.50829880438366,0
1178,0.0026892591593787075,0,29.52617802131127,0
1179,0.002730298948008567,0,29.531857024761212,0
1180,0.0026309875305742026,0,29.552776641358353,0
1181,0.0025786599493585528,0,29.522499657940042,0
1182,0.0026908930018544196,0,29.562000788733634,0
1183,0.0026265996880829334,0,29.498985598176436,0
1184,0.002600365572143346,0,29.566996589224708,0
1185,0.002520357051398605,0,29.535361880476692,0
1186,0.0026870382367633282,0,29.546114192274523,0
1187,0.002681465691421181,0,29.529391078570196,0
1188,0.0026161871571093796,0,29.536725436706096,0
1189,0.0026158433011732995,0,29.534794290659214,0
1190,0.0026537183555774392,0,29.567808395152245,0
1191,0.002655534555669874,0,29.537067490078694,0
1192,0.0026034296723082663,0,29.544831600511657,0
1193,0.0027540659764781596,0,29.5606106020312,0
1194,0.0026000725850462915,0,29.516042015447795,0
1195,0.0026621484477072953,0,29.52828867241237,0
1196,0.002596338756848127,0,29.548772549440024,0
1197,0.0026137050963006914,0,29.535557960171676,0
1198,0.0026840938488021495,0,29.500515157446554,0
1199,0.0026455905358307064,0,29.539025023343502,0
1200,0.002496625280473381,0,29.55584884843903,0
1201,0.0026154986442998053,0,29.5733195093483,0
1202,0.0026360096409916876,0,29.544208850666987,0
1203,0.0026608096295967698,0,29.548307666322714,0
1204,0.002606090232729912,0,29.566519684901547,0
1205,0.0026465996843762695,0,29.57500303326677,0
1206,0.0025920907920226454,0,29.58416753373674,0
1207,0.002590346031356603,0,29.58898604846428,0
1208,0.0026587578584440054,0,29.571571419491804,0
1209,0.0026678101695142686,0,29.5878196223907,0
1210,0.0025632233219221234,0,29.575396848011508,0
1211,0.002578368450049311,0,29.588164074265208,0
1212,0.0025930043496191504,0,29.571595115948412,0
1213,0.002618697048164904,0,29.547796532265696,0
1214,0.002649931402411312,0,29.559206465322312,0
1215,0.0025685174856334924,0,29.55178485460293,0
1216,0.0026296730013564227,0,29.562453365346393,0
1217,0.002665428244508803,0,29.555118072393615,0
1218,0.002624206773471087,0,29.551859681224133,0
1219,0.0026062514330260455,0,29.556945755875873,0
1220,0.0025844519888050853,0,29.5776821991295,0
1221,0.002617415622808039,0,29.564062755005818,0
1222,0.0026766012352891265,0,29.575364096233702,0
1223,0.0026426172745414077,0,29.560585111721856,0
1224,0.002607904220931232,0,29.559504609973523,0
1225,0.002615391933359206,0,29.55885114052046,0
1226,0.0025827382411807774,0,29.5600418103142,0
1227,0.0026166044268757104,0,29.573909025817827,0
1228,0.0025740008684806527,0,29.58544465355627,0
1229,0.00266092763049528,0,29.572004398909392,0
1230,0.00263328205794096,0,29.55537494440781,0
1231,0.002568417624570429,0,29.60568380026584,0
1232,0.0025840505096130072,0,29.559903052235935,0
1233,0.002670470408629626,0,29.568514592358834,0
1234,0.00266957393148914,0,29.57530031522435,0
1235,0.0026394515857100487,0,29.535882837608927,0
1236,0.0026198865566402674,0,29.563354808897337,0
1237,0.0026128968293778598,0,29.53311310752825,0
1238,0.0026219430658966304,0,29.58508331088824,0
1239,0.002682742897886783,0,29.557382692898464,0
1240,0.0025897511607035992,0,29.54966967231226,0
1241,0.0026055667456239464,0,29.558442059643337,0
1242,0.0026170661579817535,0,29.564377127314298,0
1243,0.0027024643984623255,0,29.55444222489177,0
1244,0.0026063194777816534,0,29.529425554531937,0
1245,0.0026671079103834927,0,29.54602244609183,0
1246,0.002655901755206287,0,29.547025464856926,0
1247,0.002519524113740772,0,29.563078984719073,0
1248,0.0025475534121505916,0,29.561151681655744,0
1249,0.002633380158804357,0,29.560139780221473,0
1250,0.0025983986631035803,0,29.554223663585255,0
1251,0.002622350724413991,0,29.559838366892333,0
1252,0.0026001068227924405,0,29.55410684016851,0
1253,0.0026423218473792076,0,29.537657987219106,0
1254,0.002639897339977324,0,29.55241583560136,0
1255,0.002569867249112576,0,29.56331085128961,0
1256,0.0026607115566730497,0,29.539684490468563,0
1257,0.0026348919561132787,0,29.53204389229271,0
1258,0.002629817076958716,0,29.56341343202413,0
1259,0.002614839526358992,0,29.555159973562365,0
1260,0.0026191025110892953,0,29.564252843732948,0
1261,0.00260400400031358,0,29.58504635372818,0
1262,0.0026098576467484236,0,29.574867797282646,0
1263,0.002623047383967787,0,29.555274745536757,0
1264,0.0025954794720746575,0,29.5605457343107,0
1265,0.0027001681132242084,0,29.553959452459363,0
1266,0.0025457211234606804,0,29.55543054274317,0
1267,0.0026628266414627432,0,29.576436373765386,0
1268,0.0025965993641875683,0,29.594553200871715,0
1269,0.002593804367352277,0,29.57907553047102,0
1270,0.002575677176937461,0,29.568776325739396,0
1271,0.0026431302167475223,0,29.550482818201885,0
1272,0.0025642390083521604,0,29.56720063485055,0
1273,0.00260742518119514,0,29.5763791892778,0
1274,0.002559188576415181,0,29.568221053499645,0
1275,0.0026316877477802337,0,29.562229450455387,0
1276,0.002640700559131801,0,29.576951573422775,0
1277,0.0025811759871430693,0,29.561160597366598,0
1278,0.0026825757836923003,0,29.565149320934413,0
1279,0.002546175445895642,0,29.582796914928224,0
1280,0.0026062261615879836,0,29.548313657434452,0
1281,0.002562141523230821,0,29.57245801513966,0
1282,0.002647746477741748,0,29.5466592838254,0
1283,0.002570263140369207,0,29.565296068675014,0
1284,0.002600772934965789,0,29.538518227505104,0
1285,0.0026649586320854723,0,29.55698324425508,0
1286,0.0027055184496566653,0,29.5330039074246,0
1287,0.0027017291681841016,0,29.581323791042568,0
1288,0.0025871176971122623,0,29.572257665822814,0
1289,0.0026360575552098454,0,29.53987645469,0
1290,0.002546389882918447,0,29.576306044295862,0
1291,0.0026287220790982245,0,29.558302731458788,0
1292,0.002597973165102303,0,29.582798585945042,0
1293,0.0026363046071492136,0,29.538429117571592,0
1294,0.0026464910828508438,0,29.57136486158814,0
1295,0.0026401963154785335,0,29.585713510414084,0
1296,0.0026219698251225055,0,29.58246583015523,0
1297,0.0026266018906608225,0,29.578776874313345,0
1298,0.002604517498984933,0,29.56346561045207,0
1299,0.0025704663549549877,0,29.54689320094989,0
1300,0.0025432347203604875,0,29.575863638093765,0
1301,0.0025718365679495035,0,29.562391577204462,0
1302,0.0025977306300774216,0,29.55584184485664,0
1303,0.0026562030939385295,0,29.53116551291238,0
1304,0.002623780535068363,0,29.54778405048721,0
1305,0.00261026666732505,0,29.564782969641673,0
1306,0.0026022042869590224,0,29.581866253762964,0
1307,0.0026334536215290427,0,29.580613987760888,0
1308,0.0025455919466912747,0,29.570180948862774,0
1309,0.0027513083652593194,0,29.587005029696503,0
1310,0.0026196726597845555,0,29.577512751989026,0
1311,0.0026279717590659856,0,29.570298447028105,0
1312,0.0025730642513372005,0,29.557810136365003,0
1313,0.002546314811334014,0,29.575075253596392,0
1314,0.0025656269886530935,0,29.59148728369763,0
1315,0.0026339813508093357,0,29.543281085543583,0
1316,0.0025600713305175306,0,29.52841473243592,0
1317,0.0026012468780390917,0,29.574112195994132,0
1318,0.002581136072985828,0,29.562254906896474,0
1319,0.0025347820110619068,0,29.542924888759522,0
1320,0.0026194210723042488,0,29.559019403177388,0
1321,0.002497120916377753,0,29.548451733187356,0
1322,0.0026296241930685938,0,29.569597230536473,0
1323,0.0025455331639386712,0,29.55843417905982,0
1324,0.0025952698336914183,0,29.54743954185865,0
1325,0.0026417788420803846,0,29.56167305489203,0
1326,0.00257563735358417,0,29.57846929845697,0
1327,0.002644744999706745,0,29.56808115468243,0
1328,0.0025849601230584084,0,29.571592463353614,0
1329,0.0026042564725503327,0,29.564787788515467,0
1330,0.0026351720932871105,0,29.583816263515175,0
1331,0.0025649322452954947,0,29.576992998714914,0
1332,0.0026416539447382094,0,29.55100219372008,0
1333,0.0026340303593315184,0,29.566823861176452,0
1334,0.0026083937496878206,0,29.545026191860003,0
1335,0.0026447067712433636,0,29.532676635427833,0
1336,0.002589341113343835,0,29.56628417062097,0
1337,0.0026319413189776243,0,29.570029733484322,0
1338,0.002580235721543431,0,29.57957000234107,0
1339,0.0027284342260099946,0,29.58048468743998,0
1340,0.0025765893841162325,0,29.55122131759549,0
1341,0.002674177191220224,0,29.536862916253426,0
1342,0.0027010143315419556,0,29.566837449484357,0
1343,0.0026440336951054633,0,29.58323936023886,0
1344,0.0026380914077162743,0,29.569795360564296,0
1345,0.0025814015697687865,0,29.56507540076225,0
1346,0.002600358589552343,0,29.525746095622022,0
1347,0.0026819681329652667,0,29.519698456802356,0
1348,0.002618424161337316,0,29.53212004305573,0
1349,0.0026028817147016525,0,29.57543306702164,0
1350,0.0026451901998370887,0,29.570232992472622,0
1351,0.0026360020763240757,0,29.57726729836492,0
1352,0.0026473305746912957,0,29.555951864809344,0
1353,0.002620609018485993,0,29.565472026790477,0
1354,0.002553485701791942,0,29.555800147669956,0
1355,0.002539399608504027,0,29.544113151077898,0
1356,0.0026634313235990702,0,29.56009061777265,0
1357,0.0026078418968245387,0,29.558764160649556,0
1358,0.0025971569144167005,0,29.56820409208824,0
1359,0.002547877060715109,0,29.55326356562186,0
1360,0.002663765165489167,0,29.525997500981,0
1361,0.0026305862120352685,0,29.536174876625694,0
1362,0.002573321983218193,0,29.56443953721089,0
1363,0.0026317774900235236,0,29.549087798648728,0
1364,0.002619513429235667,0,29.57184781086232,0
1365,0.0025232914951629935,0,29.554818277970128,0
1366,0.0026337062008678913,0,29.54745636199272,0
1367,0.002541057581547648,0,29.543459133090792,0
1368,0.002591723478399217,0,29.55957430368287,0
1369,0.0025964954541996123,0,29.58353593346835,0
1370,0.0026350074750371277,0,29.541639849195676,0
1371,0.002570205801166594,0,29.568288065352057,0
1372,0.002594302159268409,0,29.598509886680304,0
1373,0.002610275745391846,0,29.571750463924563,0
1374,0.002571352447848767,0,29.550727736184157,0
1375,0.0026892323954962193,0,29.550631929523753,0
1376,0.0025507006677798925,0,29.560163577780568,0
1377,0.0026791127026081084,0,29.576643133126037,0
1378,0.002753347211983055,0,29.579957857141945,0
1379,0.0026140261068940164,0,29.575794177157118,0
1380,0.0026264933007769287,0,29.57949469440916,0
1381,0.002652254132553935,0,29.550156070287063,0
1382,0.0026562280813232065,0,29.549157063912002,0
1383,0.0026290940516628327,0,29.57875433102888,0
1384,0.0026309134322218598,0,29.544567463432006,0
1385,0.0027384156524203718,0,29.541142191008536,0
1386,0.002557205343618989,0,29.563872666731413,0
1387,0.0025971409399062396,0,29.571480915053495,0
1388,0.002581277044955641,0,29.52207199393649,0
1389,0.0025620249845087527,0,29.56194997053452,0
1390,0.002632424298208207,0,29.58446971906272,0
1391,0.0026402737223543225,0,29.564097919598904,0
1392,0.002521034125238657,0,29.560688883460383,0
1393,0.002653207411058247,0,29.581051120727206,0
1394,0.0025808960711583497,0,29.55470087811475,0
1395,0.0026517296792007983,0,29.543861802925388,0
1396,0.0026443579234182836,0,29.53837012592918,0
1397,0.0026162634696811436,0,29.572235807292998,0
1398,0.0024517630529589953,0,29.559816394200087,0
1399,0.0025803622393868863,0,29.54424741588715,0
1400,0.0027482009679079054,0,29.55293677698173,0
1401,0.002572182863950729,0,29.55862881404374,0
1402,0.002619671463035047,0,29.556237383285602,0
1403,0.0026335349306464196,0,29.561511011594895,0
1404,0.002630157982930541,0,29.55534503840966,0
1405,0.0025786254717968405,0,29.56496836073619,0
1406,0.0025609538122080265,0,29.575276351947238,0
1407,0.002618341697379947,0,29.57918940232681,0
1408,0.0025836048647761346,0,29.55266989910679,0
1409,0.0026476429915055634,0,29.56838808008531,0
1410,0.002652494821231812,0,29.56509906243706,0
1411,0.0025937890284694733,0,29.569281344928797,0
1412,0.002620097524486482,0,29.557033354265272,0
1413,0.002696576558519155,0,29.57590343402554,0
1414,0.0026174171245656906,0,29.56211400004081,0
1415,0.002536158619914204,0,29.56517493220971,0
1416,0.00263519394909963,0,29.574531974128,0
1417,0.002537319504190236,0,29.57209027729086,0
1418,0.0026702490029856564,0,29.575047970225466,0
1419,0.002577708577737212,0,29.592894618337958,0
1420,0.0025750340847298502,0,29.55831931786653,0
1421,0.0026449560048058627,0,29.574123764914486,0
1422,0.0026776175410486757,0,29.58400739590952,0
1423,0.002670373232103884,0,29.587512614038534,0
1424,0.0026508123287931084,0,29.58429359302006,0
1425,0.002662109585944563,0,29.555150607019016,0
1426,0.0025760372402146457,0,29.58485052753792,0
1427,0.0025900300918146966,0,29.564736654221452,0
1428,0.0024694159696809948,0,29.56899153639878,0
1429,0.002533916076645255,0,29.576559180916774,0
1430,0.002646059412509203,0,29.56592872797186,0
1431,0.0026685665594413876,0,29.58094034407595,0
1432,0.0025499111646786333,0,29.558463969601153,0
1433,0.0025511744944378733,0,29.559997745648992,0
1434,0.002564087782520801,0,29.557773725989158,0
1435,0.0026099146739579737,0,29.56197358957243,0
1436,0.002618993353098631,0,29.60009460638348,0
1437,0.0025758689921349287,0,29.567245988915953,0
1438,0.0025614956277422605,0,29.5714774991943,0
1439,0.002708402841817588,0,29.573855715763205,0
1440,0.002565314641688019,0,29.573381075198924,0
1441,0.002604832327924669,0,29.5630832744848,0
1442,0.0025537117011845112,0,29.562056813336508,0
1443,0.0025858113332651554,0,29.573081258467656,0
1444,0.0026017109979875387,0,29.58596837873949,0
1445,0.002590650240890682,0,29.567030863811443,0
1446,0.0026182562648318706,0,29.57894869134842,0
1447,0.0026302472548559307,0,29.56459570763158,0
1448,0.002628290846478194,0,29.57510497325236,0
1449,0.0025632148049771785,0,29.577738264054815,0
1450,0.0025737561588175593,0,29.583729788446337,0
1451,0.0026664383499883115,0,29.580803789306472,0
1452,0.0025766265206038953,0,29.6019372756396,0
1453,0.002654233877547085,0,29.597515714746525,0
1454,0.0026068401196971537,0,29.576710430724663,0
1455,0.002751483938191086,0,29.5897354050247,0
1456,0.0026615576399490236,0,29.592540746911087,0
1457,0.0025409377343021335,0,29.579466944930513,0
1458,0.0026112042111344634,0,29.577826597007274,0
1459,0.002623190334998071,0,29.574004924514348,0
1460,0.0026859616045840085,0,29.563267888774146,0
1461,0.0026112675084732475,0,29.585614069463784,0
1462,0.002687151606660336,0,29.569527858396647,0
1463,0.0026431356393732132,0,29.557072456459945,0
1464,0.0026033705729059877,0,29.584780842603358,0
1465,0.002692379136569798,0,29.587449842433887,0
1466,0.002541184478905052,0,29.585956417970795,0
1467,0.0026213158760219814,0,29.592949139812742,0
1468,0.002676352725829929,0,29.564340342293498,0
1469,0.002605349353980273,0,29.58037834397819,0
1470,0.002516286054160446,0,29.561099189671587,0
1471,0.002592349813785404,0,29.56910954539692,0
1472,0.002612540142145008,0,29.572133363974732,0
1473,0.002565421648323536,0,29.59510081359392,0
1474,0.002627776716835797,0,29.573377180966805,0
1475,0.0025636737747117876,0,29.590236493978658,0
1476,0.002732102011796087,0,29.557981766836086,0
1477,0.00253405568189919,0,29.56933947705176,0
1478,0.002586080727633089,0,29.558108019009584,0
1479,0.0025590967386960985,0,29.56776613073234,0
1480,0.0025430353521369397,0,29.59151039863674,0
1481,0.0025446274946443735,0,29.569797936858425,0
1482,0.0027025971678085623,0,29.584006091207524,0
1483,0.002609568212646991,0,29.58212747031064,0
1484,0.002543486070353538,0,29.57534421084665,0
1485,0.0026042920048348606,0,29.593806453861905,0
1486,0.002664222267922014,0,29.579488728496177,0
1487,0.00263704233802855,0,29.576246522587606,0
1488,0.0026854413119144736,0,29.58747576255987,0
1489,0.0026258427603170274,0,29.567224033415382,0
1490,0.0026119486964307726,0,29.569742294384366,0
1491,0.0026181666157208384,0,29.584859821518855,0
1492,0.002664690387900919,0,29.57660835768927,0
1493,0.0026193225872702896,0,29.58278272841686,0
1494,0.0025551277212798595,0,29.57248215601953,0
1495,0.002479230270255357,0,29.55991752712907,0
1496,0.002576544436160475,0,29.56183394820462,0
1497,0.0026665106113068758,0,29.570949259178132,0
1498,0.0026262514176778494,0,29.57288342097546,0
1499,0.0025758631667122246,0,29.558340587633584,0
1500,0.002627381291240454,0,29.593187354567203,0
1501,0.0025908458326011894,0,29.582181098120802,0
1502,0.002639314099214971,0,29.55621387050613,0
1503,0.0026355088781565427,0,29.595161610504274,0
1504,0.0026096066017635166,0,29.579575699255386,0
1505,0.002681898500304669,0,29.568248797019645,0
1506,0.002656430273782462,0,29.558246940889816,0
1507,0.002617120898794383,0,29.579764499008594,0
1508,0.002659577156882733,0,29.563156028533736,0
1509,0.0025890149269253014,0,29.569453114835824,0
1510,0.0025543601717799903,0,29.570365694270244,0
1511,0.0026568714366294443,0,29.58128977672249,0
1512,0.0026189591782167553,0,29.55115693411617,0
1513,0.0026186596462503074,0,29.574461460376803,0
1514,0.0026352132670581343,0,29.548536436384662,0
1515,0.0025632403744384647,0,29.562074460864245,0
1516,0.0025093253422528504,0,29.589282201401055,0
1517,0.0025703800679184497,0,29.569500002748303,0
1518,0.002540458203293383,0,29.566745660511845,0
1519,0.002647690724115819,0,29.576270569748647,0
1520,0.0026445328816771508,0,29.600853738788114,0
1521,0.0026347922370769084,0,29.577015862626066,0
1522,0.0026156212482601406,0,29.573409859877543,0
1523,0.0025216296990402043,0,29.554631110436855,0
1524,0.002613160402979702,0,29.58269236510432,0
1525,0.002707014735788107,0,29.57250085383464,0
1526,0.002560327695682645,0,29.581961786273748,0
1527,0.0026065501710399986,0,29.58025294327192,0
1528,0.002579434788785875,0,29.583391507380444,0
1529,0.0025693966285325587,0,29.57111848486942,0
1530,0.002606498950626701,0,29.57888855354224,0
1531,0.0025569772953167556,0,29.583350920910846,0
1532,0.0025979528902098535,0,29.59498549645724,0
1533,0.0026082267542369662,0,29.554684726143936,0
1534,0.0025936830346472563,0,29.597903370700795,0
1535,0.002657227097079158,0,29.594017325898143,0
1536,0.002603968835901469,0,29.583211631611835,0
1537,0.0025080989906564356,0,29.580545444444045,0
1538,0.002492111271712929,0,29.581780726952676,0
1539,0.0026113900425843895,0,29.571534808457315,0
1540,0.0025649180519394577,0,29.584335302137273,0
1541,0.002662303375545889,0,29.578017511468158,0
1542,0.002661116374656558,0,29.563130247835602,0
1543,0.0025952468649484218,0,29.589977238698534,0
1544,0.002573755797930062,0,29.592319581105816,0
1545,0.002638534689322114,0,29.57275715488496,0
1546,0.0026186078623868527,0,29.57110451327601,0
1547,0.002598165946546942,0,29.567014093260546,0
1548,0.002581064668484032,0,29.57986396279257,0
1549,0.0026043392054270953,0,29.55718073779212,0
1550,0.002604794898070395,0,29.571075513291497,0
1551,0.0025836772029288113,0,29.574819686285174,0
1552,0.002623990969732404,0,29.563510768435336,0
1553,0.0025337240332737564,0,29.570740472988863,0
1554,0.002614196757785976,0,29.564540787039416,0
1555,0.002536484897136688,0,29.564379152640424,0
1556,0.002554101408459246,0,29.58459870958103,0
1557,0.002649273998104036,0,29.57961361724722,0
1558,0.0025855642277747394,0,29.592691335851296,0
1559,0.002590524195693433,0,29.582013871426827,0
1560,0.0025087261968292297,0,29.599220931270324,0
1561,0.002741860141977668,0,29.57743189780467,0
1562,0.0025927897985093297,0,29.59089421377289,0
1563,0.002563267385121435,0,29.577590582362845,0
1564,0.0025933761219494047,0,29.562965346957693,0
1565,0.0026348557765595616,0,29.565095300417155,0
1566,0.002603671569377184,0,29.574709025222,0
1567,0.0026115018781274557,0,29.58938446233215,0
1568,0.0024967525550164283,0,29.580141113152933,0
1569,0.0025802989257499576,0,29.568245253374872,0
1570,0.0025589910591952503,0,29.580570082478683,0
1571,0.0026215365622192623,0,29.59977700033287,0
1572,0.0025700233085080982,0,29.585735308202892,0
1573,0.002575262610334903,0,29.585693715776802,0
1574,0.0025302483467385174,0,29.59224678899842,0
1575,0.002639157455414534,0,29.569999226309186,0
1576,0.0026175468089058994,0,29.58831468715295,0
1577,0.002623040322214365,0,29.569740719746218,0
1578,0.00261840034276247,0,29.58976184685473,0
1579,0.0026070717349648475,0,29.59934595185504,0
1580,0.002678916638251394,0,29.587952280182705,0
1581,0.002688645189628005,0,29.560946725913176,0
1582,0.00263792818877846,0,29.578018078718845,0
1583,0.0026659715548157693,0,29.571405063238156,0
1584,0.0026405785605311395,0,29.566265065819174,0
1585,0.0025503938854672015,0,29.561815384652245,0
1586,0.0025563127174973487,0,29.598601636827574,0
1587,0.002630512157920748,0,29.573009011360053,0
1588,0.002625772242899984,0,29.578490868591963,0
1589,0.002605869120452553,0,29.583763465149335,0
1590,0.0025877248868346214,0,29.55533506387379,0
1591,0.002630983127746731,0,29.578781513057844,0
1592,0.0026661985460668803,0,29.571913427084947,0
1593,0.0025941054616123436,0,29.598311484906638,0
1594,0.0026544925896450876,0,29.570494181178695,0
1595,0.0025333205657079817,0,29.602351298054188,0
1596,0.0026726405834779144,0,29.591376179742756,0
1597,0.002550099822692573,0,29.58118571624915,0
1598,0.002598554971627891,0,29.582490989037936,0
1599,0.0025427781813777985,0,29.59462383552685,0
1600,0.0026864571566693487,0,29.571663332664368,0
1601,0.002595680884551257,0,29.589489805415223,0
1602,0.0026338938786648215,0,29.581498640509494,0
1603,0.0026184398727491496,0,29.58096056192836,0
1604,0.002682187499012798,0,29.58277164835727,0
1605,0.0026085182419046758,0,29.571020933652918,0
1606,0.0025848136632703246,0,29.577139599197515,0
1607,0.002631780332885683,0,29.56995376764763,0
1608,0.002550100099761039,0,29.5725489800741,0
1609,0.0026074758428148927,0,29.58857718256448,0
1610,0.0025397790037095546,0,29.578135942413425,0
1611,0.0025344015774317087,0,29.57728527288858,0
1612,0.0025480223633348943,0,29.592753472986182,0
1613,0.0025194360571913423,0,29.5748379074501,0
1614,0.0026539895590394734,0,29.581793831437654,0
1615,0.0026364903035573663,0,29.582826371252995,0
1616,0.002541952128522098,0,29.582580581306505,0
1617,0.0026312097394838928,0,29.584462932136248,0
1618,0.0026355086104013024,0,29.592951432478074,0
1619,0.0026326049631461503,0,29.581202203549733,0
1620,0.0026306210248731076,0,29.573981467466083,0
1621,0.0026334170368500056,0,29.590581670517416,0
1622,0.0026585694192908706,0,29.576069993255796,0
1623,0.0026473532035015523,0,29.59616768335027,0
1624,0.0026355997030623256,0,29.582420120489246,0
1625,0.0025484214210882783,0,29.58328609333686,0
1626,0.002673592111095786,0,29.58386313646312,0
1627,0.002576411277987063,0,29.57813120499492,0
1628,0.0025722904782742263,0,29.5761261015734,0
1629,0.002595053412951529,0,29.588612087422838,0
1630,0.0025888560921885073,0,29.585719602042555,0
1631,0.0026005973597057162,0,29.586638653023673,0
1632,0.002591224848292768,0,29.577703968762435,0
1633,0.0026389919919893147,0,29.573750461356006,0
1634,0.0025513522257097064,0,29.57400733323415,0
1635,0.0026259501511231064,0,29.571906267356837,0
1636,0.002601056930143386,0,29.584208196434243,0
1637,0.0025170924700796604,0,29.591041210081503,0
1638,0.002629290916956961,0,29.57860330346625,0
1639,0.0026992016937583685,0,29.583519865598156,0
1640,0.0025377114675939083,0,29.582701609757233,0
1641,0.0026081993128173053,0,29.568361596334697,0
1642,0.0025596679747104645,0,29.58303743704962,0
1643,0.0026227474538609383,0,29.5881405155051,0
1644,0.0025799735030159355,0,29.581250559643536,0
1645,0.0025862825592048466,0,29.586740299067557,0
1646,0.0026291010389104487,0,29.60416317593248,0
1647,0.0025128277926705776,0,29.587311604932435,0
1648,0.002625728426501155,0,29.58826875452602,0
1649,0.0026433899626135825,0,29.592029840854313,0
1650,0.0025938140298239886,0,29.595203494845904,0
1651,0.0025451766536571086,0,29.58582179847847,0
1652,0.0026057943981140854,0,29.595636873050697,0
1653,0.002684669937007129,0,29.588023358954082,0
1654,0.002571768534835428,0,29.59068201226899,0
1655,0.0025921052624471486,0,29.58182430921198,0
1656,0.002589243887923658,0,29.583573325623853,0
1657,0.002657044983934611,0,29.57743958701817,0
1658,0.002586578535847366,0,29.590783275280582,0
1659,0.0026430865027941763,0,29.585038364201342,0
1660,0.0026118319504894317,0,29.57969350261771,0
1661,0.002678921378683299,0,29.57736531162522,0
1662,0.0026063047372736035,0,29.592599353496233,0
1663,0.0026144520868547263,0,29.589990503492583,0
1664,0.0025599652086384594,0,29.599579602016217,0
1665,0.0026931748911738396,0,29.58333714713276,0
1666,0.0026199260400608182,0,29.58832752017599,0
1667,0.002654978933278471,0,29.584160123373067,0
1668,0.002605709915515035,0,29.596219433370212,0
1669,0.002673254304099828,0,29.578015832501425,0
1670,0.002539475951343775,0,29.588832747847956,0
1671,0.0026558162085711956,0,29.573987304666556,0
1672,0.002614891689736396,0,29.579364159497917,0
1673,0.0026903991610743106,0,29.59573079408221,0
1674,0.002583894070703536,0,29.57506971906448,0
1675,0.002584259370341897,0,29.596393132982076,0
1676,0.002577882972545922,0,29.5908567937499,0
1677,0.0025746196927502753,0,29.582769673721156,0
1678,0.0026182970870286225,0,29.586697463882373,0
1679,0.0026482056500390172,0,29.59844446970175,0
1680,0.00262021359289065,0,29.588858115736752,0
1681,0.00263215534389019,0,29.584552229087947,0
1682,0.0025439340295270087,0,29.579140947832435,0
1683,0.002658041859976947,0,29.587221433804164,0
1684,0.002613743196707219,0,29.590575002730233,0
1685,0.0025144028081558645,0,29.581629458065855,0
1686,0.002613100248854607,0,29.584996537019553,0
1687,0.0025530766928568483,0,29.59050726132565,0
1688,0.002593176937662065,0,29.593030670119035,0
1689,0.0026280055893585087,0,29.596198568974987,0
1690,0.0026054332195781173,0,29.59097838794958,0
1691,0.00264158608391881,0,29.58248275330429,0
1692,0.0025242262706160544,0,29.583860687971363,0
1693,0.002606043773703277,0,29.588329047155106,0
1694,0.0026130252704024315,0,29.571779601725346,0
1695,0.0026636993465945125,0,29.5910499341791,0
1696,0.0026173456315882505,0,29.589401689144346,0
1697,0.002559578262735158,0,29.603192075921765,0
1698,0.00263340727891773,0,29.573713671865416,0
1699,0.002632377021946013,0,29.575660125546815,0
1700,0.002681140007916838,0,29.594510694501516,0
1701,0.002630061134696007,0,29.592817268587336,0
1702,0.0025912191881798208,0,29.575777232362814,0
1703,0.0026414693868719043,0,29.600781093763487,0
1704,0.0026963851344771685,0,29.58847310464738,0
1705,0.002626483382191509,0,29.596690463850095,0
1706,0.0025778955011628566,0,29.578613145011982,0
1707,0.0026648151548579334,0,29.585459298600426,0
1708,0.002561405461747199,0,29.612631989695295,0
1709,0.002659684068057686,0,29.586784741026666,0
1710,0.0026796857779845594,0,29.576100715645975,0
1711,0.0026626839907839895,0,29.57740118768173,0
1712,0.002588447160087526,0,29.58806599737866,0
1713,0.0025656210584565995,0,29.587731398351945,0
1714,0.002490395491477102,0,29.5729378243905,0
1715,0.002659868858754635,0,29.607947691931358,0
1716,0.0025445483368821444,0,29.584268255635546,0
1717,0.002536433988716453,0,29.574304430161636,0
1718,0.0026692387065850197,0,29.587934109978413,0
1719,0.002597995204851031,0,29.583799019274235,0
1720,0.0025218387297354637,0,29.593121916522303,0
1721,0.0025768164917826654,0,29.593833881054877,0
1722,0.0026355347246862946,0,29.579856612160828,0
1723,0.002617011023685336,0,29.580849384244605,0
1724,0.002634845788124949,0,29.577489192083885,0
1725,0.0026917906384915113,0,29.59044181358323,0
1726,0.00259532542899251,0,29.59725208625122,0
1727,0.0025801420491188766,0,29.59022891236749,0
1728,0.00258274830179289,0,29.586985296038264,0
1729,0.0026323093730024993,0,29.585967094883163,0
1730,0.0025931975501589477,0,29.582675545348195,0
1731,0.0026536167971789835,0,29.57724111635338,0
1732,0.0026127807167358698,0,29.57469393905329,0
1733,0.0025704746786504983,0,29.580234785834524,0
1734,0.002651420107576996,0,29.591997566521513,0
1735,0.002565292613580823,0,29.588474015346478,0
1736,0.0025251464592292907,0,29.58590321069685,0
1737,0.0025150238629430533,0,29.593059862108774,0
1738,0.0026044232770800592,0,29.592400023507874,0
1739,0.0026452815579250453,0,29.588476549478624,0
1740,0.0025212016329169275,0,29.576350918916805,0
1741,0.002653183820657432,0,29.578522724617553,0
1742,0.0026322475960478186,0,29.58352196625915,0
1743,0.0025707694375887514,0,29.583556874126625,0
1744,0.0025277311843819915,0,29.577407347938255,0
1745,0.0027037020586431026,0,29.581676732664278,0
1746,0.0026082040672190487,0,29.575967608718702,0
1747,0.00259010519599542,0,29.583528100461002,0
1748,0.002659244474489242,0,29.587110927615107,0
1749,0.002536399883683771,0,29.582095328258205,0
1750,0.002594494470395148,0,29.562808336970736,0
1751,0.0026051710755564273,0,29.58531113945943,0
1752,0.0026266945293173193,0,29.58851763517324,0
1753,0.0026843891036696732,0,29.594556344902234,0
1754,0.0025576611305586994,0,29.57986986551033,0
1755,0.0025987317436374723,0,29.58745689120502,0
1756,0.002594868859741837,0,29.587346920008304,0
1757,0.0025841909879818557,0,29.59379788156701,0
1758,0.0026257990044541656,0,29.58910354659405,0
1759,0.0026193375000730158,0,29.585139612706733,0
1760,0.002591943142469972,0,29.561836867918352,0
1761,0.00256829944672063,0,29.589072294849437,0
1762,0.002547884942032397,0,29.576722314225183,0
1763,0.002552568649407476,0,29.575532026199287,0
1764,0.002543085312936455,0,29.583887732356537,0
1765,0.0026858149073086678,0,29.583711731398168,0
1766,0.0026177199138328433,0,29.586878788520764,0
1767,0.0026065354142338036,0,29.594634428899553,0
1768,0.0025958719640038906,0,29.595342429070946,0
1769,0.0025867602182552216,0,29.581169196688073,0
1770,0.002590129931923002,0,29.588380097888592,0
1771,0.0026202797540463506,0,29.597617539516012,0
1772,0.00264819746138528,0,29.5748638294546,0
1773,0.002644383478909731,0,29.5736032351857,0
1774,0.0026235690992325545,0,29.593790334298998,0
1775,0.0025125612202100455,0,29.584658173122172,0
1776,0.0025494336569681763,0,29.584795230412865,0
1777,0.002549181617796421,0,29.58510063193759,0
1778,0.0026362712867558005,0,29.59409241337897,0
1779,0.0025832213810645043,0,29.58486833803444,0
1780,0.002622586220968515,0,29.598430826378618,0
1781,0.002568839262239635,0,29.59549853327366,0
1782,0.002641270400490612,0,29.5936416443151,0
1783,0.002613477457780391,0,29.582827233308855,0
1784,0.0026108650863170624,0,29.59415034380447,0
1785,0.0025677711004391313,0,29.599727402247563,0
1786,0.0026479404349811376,0,29.594722875809932,0
1787,0.002595380302518606,0,29.582929774657114,0
1788,0.002587031787261367,0,29.589724818338244,0
1789,0.0026773449289612472,0,29.593700653977336,0
1790,0.0026213023625314236,0,29.58712861097936,0
1791,0.002661097627133131,0,29.581167905634516,0
1792,0.0026152691431343554,0,29.590950500641693,0
1793,0.0025985995936207472,0,29.599988667943464,0
1794,0.002578566460870206,0,29.586689350069012,0
1795,0.00266245536506176,0,29.588788361990655,0
1796,0.0027228862140327693,0,29.591604157489243,0
1797,0.00255139849614352,0,29.604722926801557,0
1798,0.0025902842730283738,0,29.59466415341984,0
1799,0.00260869545629248,0,29.57700844658906,0
1800,0.0025565140531398356,0,29.587327836449916,0
1801,0.002609274990390986,0,29.592379285643528,0
1802,0.0026039773947559297,0,29.591139571651492,0
1803,0.002545444322749972,0,29.587954009675038,0
1804,0.0026363938208669425,0,29.586073006479555,0
1805,0.0026531432569026946,0,29.593760073699833,0
1806,0.002561777364462614,0,29.59007055297384,0
1807,0.0025580034940503537,0,29.59235708896404,0
1808,0.002533829170279205,0,29.600745316815548,0
1809,0.0027083056932315232,0,29.588278018207806,0
1810,0.0025631915614940225,0,29.585730694961754,0
1811,0.0025431671901606024,0,29.585576523891067,0
1812,0.0025020403636153788,0,29.59402684087513,0
1813,0.0026429023197852074,0,29.590940126985064,0
1814,0.002629506408702582,0,29.59250334624993,0
1815,0.002532866932451725,0,29.600702873427977,0
1816,0.0025912018562667073,0,29.587709706106864,0
1817,0.0026445749960839746,0,29.589435259917142,0
1818,0.0026326356013305486,0,29.58366305927748,0
1819,0.002530936994589865,0,29.589680756775035,0
1820,0.002641892705578357,0,29.58533635555433,0
1821,0.0025783313368447124,0,29.599408454325747,0
1822,0.0025777867482975124,0,29.59945064450342,0
1823,0.002668602631893009,0,29.59457634441839,0
1824,0.002572892198804766,0,29.59107324030791,0
1825,0.002639259616844356,0,29.596022110996675,0
1826,0.002613291125744581,0,29.59680225942628,0
1827,0.0026224471605382858,0,29.59928964011759,0
1828,0.0026673402450978754,0,29.592095484021936,0
1829,0.0026253087306395174,0,29.588545152212852,0
1830,0.002581490853335708,0,29.5946101726622,0
1831,0.0026601965888403355,0,29.589369695609317,0
1832,0.002460541375912726,0,29.594452471160967,0
1833,0.0025418377900496125,0,29.593687667407774,0
1834,0.0025449070427566766,0,29.596403498086104,0
1835,0.002669528990518302,0,29.597863244354013,0
1836,0.002631435755174607,0,29.600246215292994,0
1837,0.002563786068931222,0,29.598585991367667,0
1838,0.002702989319805056,0,29.592878123403228,0
1839,0.0025686992006376387,0,29.5835307739403,0
1840,0.0026453278376720847,0,29.59728019359875,0
1841,0.002697251085191965,0,29.597876599242962,0
1842,0.0025951071013696494,0,29.600046344671238,0
1843,0.0027297925273887815,0,29.600463717763525,0
1844,0.0026399169210344553,0,29.587698556354805,0
1845,0.002701942340936512,0,29.588112398524867,0
1846,0.002574183316901326,0,29.594305035006048,0
1847,0.002563818779308349,0,29.592583633728665,0
1848,0.0024883139878511427,0,29.58408842200005,0
1849,0.0026628614915534853,0,29.5918317782556,0
1850,0.0025153405545279383,0,29.589183145079982,0
1851,0.002673606858588755,0,29.592556863729268,0
1852,0.0025489238114096225,0,29.596689372965557,0
1853,0.0026493773027323184,0,29.594295678923615,0
1854,0.002578143065329641,0,29.601597077243774,0
1855,0.0025336566823534667,0,29.60656972518078,0
1856,0.002554369845893234,0,29.604748051450724,0
1857,0.0026349835703149437,0,29.59512769351105,0
1858,0.002621810487471521,0,29.60427208982745,0
1859,0.002555732384789735,0,29.61236877647648,0
1860,0.0026270761340856552,0,29.5997285742244,0
1861,0.0025752730271779,0,29.589072000527896,0
1862,0.0026404803642071785,0,29.5986807973268,0
1863,0.002517649105284363,0,29.59532507819891,0
1864,0.002572363317012787,0,29.596182076279465,0
1865,0.002690864196047187,0,29.59497460067122,0
1866,0.0026204514899291096,0,29.599363053979552,0
1867,0.0026240406301803886,0,29.602702048278136,0
1868,0.0026139274379238485,0,29.601559890621925,0
1869,0.0026194573659449817,0,29.601369752329845,0
1870,0.0026058236858807504,0,29.601716210513327,0
1871,0.002603332782164216,0,29.594819831277377,0
1872,0.0026323761022649704,0,29.595799491972354,0
1873,0.0026146423863247035,0,29.588771829095798,0
1874,0.0025759718869812786,0,29.6033650147111,0
1875,0.0025988903967663645,0,29.60345761963506,0
1876,0.0025502388225868344,0,29.608007218275326,0
1877,0.002559737004339695,0,29.609084388310258,0
1878,0.002610117490403354,0,29.603659110908414,0
1879,0.0026742857554927467,0,29.60370976339794,0
1880,0.002622008235193789,0,29.603974608893246,0
1881,0.0026533166714943946,0,29.60231991317747,0
1882,0.002622351350728422,0,29.595394021429442,0
1883,0.0025432440708391367,0,29.59364058002335,0
1884,0.0026121762674301864,0,29.60029945059066,0
1885,0.0026257546432316304,0,29.594496249659723,0
1886,0.0026147527946159244,0,29.600224032058836,0
1887,0.0026417826232500376,0,29.598286640366293,0
1888,0.0025172170298174024,0,29.606404053442784,0
1889,0.0025978881400078534,0,29.599230567240905,0
1890,0.00264390493510291,0,29.59400455640131,0
1891,0.0025914587476290763,0,29.594288598983255,0
1892,0.00261007766937837,0,29.593943347870837,0
1893,0.0026094324514269827,0,29.603363592990004,0
1894,0.002665562303736806,0,29.60576645216836,0
1895,0.00253859436372295,0,29.596934243179636,0
1896,0.0026165364077314736,0,29.600743986769313,0
1897,0.0026418227748945355,0,29.608782024026326,0
1898,0.0026056782831437885,0,29.603964916226893,0
1899,0.0026274133985862134,0,29.602845701046625,0
1900,0.002693041837774217,0,29.599551418688204,0
1901,0.002518685313407332,0,29.59343702385147,0
1902,0.0026227313675917683,0,29.599237027050368,0
1903,0.0025606081960722806,0,29.602080233982516,0
1904,0.00257450764067471,0,29.604386626325766,0
1905,0.0025837578508071603,0,29.587832512172657,0
1906,0.0026411909284070135,0,29.596946084376,0
1907,0.0025923899724148215,0,29.59948306425381,0
1908,0.0025608594762161372,0,29.59747463214865,0
1909,0.002661919912789017,0,29.599744944788913,0
1910,0.002638140011113137,0,29.595200378064547,0
1911,0.0025851861084811387,0,29.603669225514796,0
1912,0.0026129734935238956,0,29.60080379645244,0
1913,0.002583187292329967,0,29.601251224991817,0
1914,0.0025722146849147974,0,29.598182100322166,0
1915,0.0026333728362806143,0,29.598026360580466,0
1916,0.002618392154108733,0,29.593951074497394,0
1917,0.0025511724315583706,0,29.5927714801363,0
1918,0.0026356136449612677,0,29.596469039671288,0
1919,0.002560408366844058,0,29.597689105032885,0
1920,0.0025211261282674967,0,29.588059031981764,0
1921,0.0025824256357736886,0,29.59994079366345,0
1922,0.002536522860173136,0,29.59952143152526,0
1923,0.0026274278899654745,0,29.60490081545407,0
1924,0.002660478085745126,0,29.595366292534447,0
1925,0.0026472446625120938,0,29.5920361205597,0
1926,0.002542220747563988,0,29.588328303809213,0
1927,0.0026362781785428525,0,29.595053673429266,0
1928,0.0024835694674402477,0,29.599657903333675,0
1929,0.0026041739690117536,0,29.596593908721378,0
1930,0.0026449997653253377,0,29.585236245677038,0
1931,0.0025538390269502997,0,29.594703858421745,0
1932,0.0025647121318615974,0,29.598969975969045,0
1933,0.0025997378933243455,0,29.598911912629617,0
1934,0.002582286647520959,0,29.596573817848817,0
1935,0.0026513667008839547,0,29.588812399578703,0
1936,0.00269942881539464,0,29.59591547655932,0
1937,0.002592921815812588,0,29.60215855341536,0
1938,0.002640010458417237,0,29.59878558379987,0
1939,0.0025834428588859737,0,29.591177188436294,0
1940,0.0026020831055939197,0,29.5941298285466,0
1941,0.002622746175620705,0,29.590810587586475,0
1942,0.0026031960383988916,0,29.594804470362646,0
1943,0.0026424287585541605,0,29.59500125410966,0
1944,0.0026481942809186876,0,29.591044441700923,0
1945,0.0025007536844350396,0,29.601840233686314,0
1946,0.0025664024590514602,0,29.59684655569042,0
1947,0.0026745745725929738,0,29.59347771697388,0
1948,0.002621866373810917,0,29.602539983592536,0
1949,0.002585976535920054,0,29.598035882912725,0
1950,0.0025464846845716237,0,29.59796719026193,0
1951,0.0026605623634532094,0,29.59293149959576,0
1952,0.0025511275511235,0,29.59857205873467,0
1953,0.0026352608064189554,0,29.601214372487178,0
1954,0.0025743402633816004,0,29.595763018072514,0
1955,0.0025505716516636312,0,29.591987228750895,0
1956,0.002589821701403707,0,29.60294265921303,0
1957,0.0025774690276011824,0,29.602948171160175,0
1958,0.002570564185734838,0,29.59037391639449,0
1959,0.0025602061417885126,0,29.591632915139368,0
1960,0.0026106907986104488,0,29.600881087060383,0
1961,0.0025390003295615317,0,29.59085338880848,0
1962,0.0024988345825113357,0,29.590901147876707,0
1963,0.0026041465695016085,0,29.597535910363646,0
1964,0.002651443553622812,0,29.600424403851775,0
1965,0.0026239460590295493,0,29.58569702428933,0
1966,0.002564589437097311,0,29.58623838530285,0
1967,0.0026358014298602937,0,29.59641283780759,0
1968,0.0026478380151093005,0,29.598686785874985,0
1969,0.0025558731355704366,0,29.59194576828065,0
1970,0.002588894471991807,0,29.589839800568146,0
1971,0.0025496972817927598,0,29.583360694503096,0
1972,0.00253666702657938,0,29.596554309989642,0
1973,0.002572061417158693,0,29.595492907995993,0
1974,0.0026474418956786393,0,29.600731733079325,0
1975,0.002553383407648653,0,29.601523934310432,0
1976,0.0025954939471557734,0,29.597921651216257,0
1977,0.0026290329243056475,0,29.596466593516514,0
1978,0.002687093550339341,0,29.585847598719646,0
1979,0.0026004521129652856,0,29.5896463189826,0
1980,0.0026393715967424213,0,29.58923218605724,0
1981,0.0025100922165438534,0,29.595243714959565,0
1982,0.00257239893078804,0,29.58331117949324,0
1983,0.002596674971282482,0,29.602378022436184,0
1984,0.002667202812153846,0,29.593380949091774,0
1985,0.0026344489213079216,0,29.586763380139697,0
1986,0.002644690580200404,0,29.60304948740088,0
1987,0.0024869310040958226,0,29.593632267024873,0
1988,0.0025379694369621576,0,29.585754233052032,0
1989,0.0025767318648286163,0,29.581986159140364,0
1990,0.0026444094255566597,0,29.594504831087626,0
1991,0.002610576297156513,0,29.603353793026905,0
1992,0.0025973469601012766,0,29.60132941185248,0
1993,0.0025971124158240856,0,29.597250059726306,0
1994,0.0026715424051508307,0,29.59087174853039,0
1995,0.0025603515398688616,0,29.591268647399673,0
1996,0.002528925403021276,0,29.58935668219964,0
1997,0.002619652389548719,0,29.59191063445121,0
1998,0.002670781118795276,0,29.588134350969828,0
1999,0.0026252046576701106,0,29.593290154985866,0
2000,0.002497006026096642,0,29.601303363892885,0
